BE Number,BE Category,Clinic Code,Clinic Category,District,State,Current Status,New Status
JHR020974,MICROMOTOR,JHR425,PERGIGIAN,BATU PAHAT,JOHOR,ACT,DEA
JHR021213,PRESSES| FLASK| DENTAL,JHR426,PERGIGIAN,BATU PAHAT,JOHOR,ACT,DEA
JHR020104,Scales| Infant,JHR222,KESIHATAN,MERSING,JOHOR,ACT,DEA
JHR020539,Scales| Infant,JHR224,KESIHATAN,MERSING,JOHOR,ACT,DEA
JHR020682,Scales| Infant,JHR228,KESIHATAN,MERSING,JOHOR,ACT,DEA
JHR002189,Scales| Infant,JHR357,KESIHATAN,LEDANG,JOHOR,ACT,DEA
JHR002194,Scales| Infant,JHR357,KESIHATAN,LEDANG,JOHOR,ACT,DEA
JHR002741,Scales| Infant,JHR054,KESIHATAN,LEDANG,JOHOR,ACT,DEA
JHR002742,Scales| Infant,JHR054,KESIHATAN,LEDANG,JOHOR,ACT,DEA
JHR002745,Scales| Infant,JHR054,KESIHATAN,LEDANG,JOHOR,ACT,DEA
JHR002747,Scales| Infant,JHR054,KESIHATAN,LEDANG,JOHOR,ACT,DEA
JHR002789,Scales| Infant,JHR349,KESIHATAN,LEDANG,JOHOR,ACT,DEA
JHR002823,Scales| Infant,JHR340,KESIHATAN,LEDANG,JOHOR,ACT,DEA
JHR002833,Scales| Infant,JHR342,KESIHATAN,LEDANG,JOHOR,ACT,DEA
JHR002890,Scales| Infant,JHR345,KESIHATAN,LEDANG,JOHOR,ACT,DEA
JHR002899,Scales| Infant,JHR343,KESIHATAN,LEDANG,JOHOR,ACT,DEA
JHR002937,Scales| Infant,JHR337,KESIHATAN,LEDANG,JOHOR,ACT,DEA
JHR003204,Scales| Infant,JHR353,KESIHATAN,LEDANG,JOHOR,ACT,DEA
JHR013905,Scales| Infant,JHR344,KESIHATAN,LEDANG,JOHOR,ACT,DEA
JHR013923,Scales| Infant,JHR346,KESIHATAN,LEDANG,JOHOR,ACT,DEA
JHR003506,Scales| Infant,JHR269,KESIHATAN,MUAR,JOHOR,ACT,DEA
JHR013408,Scales| Infant,JHR063,KESIHATAN,MUAR,JOHOR,ACT,DEA
JHR013411,Scales| Infant,JHR063,KESIHATAN,MUAR,JOHOR,ACT,DEA
JHR013418,Scales,JHR063,KESIHATAN,MUAR,JOHOR,ACT,DEA
JHR006511,Scales| Infant,JHR323,KESIHATAN,SEGAMAT,JOHOR,ACT,DEA
JHR006647,Scales| Infant,JHR319,KESIHATAN,SEGAMAT,JOHOR,ACT,DEA
JHR006659,Scales| Infant,JHR319,KESIHATAN,SEGAMAT,JOHOR,ACT,DEA
JHR007050,Scales| Infant,JHR080,KESIHATAN,SEGAMAT,JOHOR,ACT,DEA
JHR007058,Scales| Infant,JHR080,KESIHATAN,SEGAMAT,JOHOR,ACT,DEA
JHR007060,Scales| Infant,JHR080,KESIHATAN,SEGAMAT,JOHOR,ACT,DEA
JHR007128,Scales| Infant,JHR321,KESIHATAN,SEGAMAT,JOHOR,ACT,DEA
JHR007132,Scales| Infant,JHR321,KESIHATAN,SEGAMAT,JOHOR,ACT,DEA
JHR012356,Scales| Infant,JHR086,KESIHATAN,SEGAMAT,JOHOR,ACT,DEA
JHR012697,Scales| Infant,JHR079,KESIHATAN,SEGAMAT,JOHOR,ACT,DEA
JHR012698,Scales| Infant,JHR079,KESIHATAN,SEGAMAT,JOHOR,ACT,DEA
JHR012702,Scales| Infant,JHR079,KESIHATAN,SEGAMAT,JOHOR,ACT,DEA
JHR012707,Scales| Infant,JHR079,KESIHATAN,SEGAMAT,JOHOR,ACT,DEA
JHR012874,Scales,JHR083,KESIHATAN,SEGAMAT,JOHOR,ACT,DEA
JHR012876,Scales,JHR083,KESIHATAN,SEGAMAT,JOHOR,ACT,DEA
JHR012877,Scales,JHR083,KESIHATAN,SEGAMAT,JOHOR,ACT,DEA
JHR012880,Scales,JHR083,KESIHATAN,SEGAMAT,JOHOR,ACT,DEA
JHR012898,Scales| Infant,JHR083,KESIHATAN,SEGAMAT,JOHOR,ACT,DEA
JHR012899,Scales| Infant,JHR083,KESIHATAN,SEGAMAT,JOHOR,ACT,DEA
JHR012900,Scales| Infant,JHR083,KESIHATAN,SEGAMAT,JOHOR,ACT,DEA
JHR012901,Scales| Infant,JHR083,KESIHATAN,SEGAMAT,JOHOR,ACT,DEA
JHR012911,Scales| Infant,JHR083,KESIHATAN,SEGAMAT,JOHOR,ACT,DEA
JHR012977,Scales| Infant,JHR329,KESIHATAN,SEGAMAT,JOHOR,ACT,DEA
JHR012978,Scales| Infant,JHR329,KESIHATAN,SEGAMAT,JOHOR,ACT,DEA
JHR012988,Scales| Infant,JHR322,KESIHATAN,SEGAMAT,JOHOR,ACT,DEA
JHR012989,Scales| Infant,JHR322,KESIHATAN,SEGAMAT,JOHOR,ACT,DEA
JHR013096,Scales| Infant,JHR326,KESIHATAN,SEGAMAT,JOHOR,ACT,DEA
JHR020505,Scales| Infant,JHR079,KESIHATAN,SEGAMAT,JOHOR,ACT,DEA
JHR024916,Scales| Infant,JHR083,KESIHATAN,SEGAMAT,JOHOR,ACT,DEA
JHR024917,Scales| Infant,JHR083,KESIHATAN,SEGAMAT,JOHOR,ACT,DEA
JHR024918,Scales| Infant,JHR083,KESIHATAN,SEGAMAT,JOHOR,ACT,DEA
JHR024919,Scales| Infant,JHR083,KESIHATAN,SEGAMAT,JOHOR,ACT,DEA
JHR024920,Scales| Infant,JHR083,KESIHATAN,SEGAMAT,JOHOR,ACT,DEA
JHR024956,Scales| Infant,JHR318,KESIHATAN,SEGAMAT,JOHOR,ACT,DEA
JHR024957,Scales| Infant,JHR318,KESIHATAN,SEGAMAT,JOHOR,ACT,DEA
JHR007131,Scales| Infant,JHR321,KESIHATAN,SEGAMAT,JOHOR,ACT,DEA
JHR007168,Scales| Infant,JHR318,KESIHATAN,SEGAMAT,JOHOR,ACT,DEA
JHR004635,Refrigerators,JHR452,PERGIGIAN,KLUANG,JOHOR,ACT,DEA
JHR015007,Refrigerators| Laboratory,JHR053,KESIHATAN,MERSING,JOHOR,ACT,DEA
JHR024612,Refrigerators| Pharmacy ,JHR052,KESIHATAN,MERSING,JOHOR,ACT,DEA
JHR001738,Refrigerators| Laboratory,JHR060,KESIHATAN,MUAR,JOHOR,ACT,DEA
JHR003584,Refrigerators| Laboratory,JHR069,KESIHATAN,MUAR,JOHOR,ACT,DEA
JHR006509,Refrigerators| Pharmacy ,JHR323,KESIHATAN,SEGAMAT,JOHOR,ACT,DEA
JHR006650,Refrigerators| Laboratory,JHR319,KESIHATAN,SEGAMAT,JOHOR,ACT,DEA
JHR007119,Refrigerators| Pharmacy ,JHR310,KESIHATAN,SEGAMAT,JOHOR,ACT,DEA
JHR007126,Refrigerators| Pharmacy ,JHR321,KESIHATAN,SEGAMAT,JOHOR,ACT,DEA
JHR012774,Refrigerators| Pharmacy ,JHR083,KESIHATAN,SEGAMAT,JOHOR,ACT,DEA
JHR012795,Refrigerators| Pharmacy ,JHR083,KESIHATAN,SEGAMAT,JOHOR,ACT,DEA
JHR012886,Refrigerators| Pharmacy ,JHR083,KESIHATAN,SEGAMAT,JOHOR,ACT,DEA
JHR013345,Refrigerators| Laboratory,JHR079,KESIHATAN,SEGAMAT,JOHOR,ACT,DEA
JHR013461,Refrigerators| Laboratory,JHR087,KESIHATAN,SEGAMAT,JOHOR,ACT,DEA
JHR013477,Refrigerators| Pharmacy ,JHR088,KESIHATAN,SEGAMAT,JOHOR,ACT,DEA
JHR012191,Refrigerators| Pharmacy ,JHR086,KESIHATAN,SEGAMAT,JOHOR,TST,DEA
JHR003586,Refrigerators| Pharmacy ,JHR069,KESIHATAN,MUAR,JOHOR,TST,DEA
JHR014777,Refrigerators| Laboratory,JHR168,KESIHATAN,KULAI JAYA,JOHOR,ACT,DEA
JHR014825,Refrigerators| Laboratory,JHR167,KESIHATAN,KULAI JAYA,JOHOR,ACT,DEA
JHR014829,Refrigerators| Laboratory,JHR017,KESIHATAN,KULAI JAYA,JOHOR,ACT,DEA
JHR005910,Refrigerators| Laboratory,JHR078,KESIHATAN,PONTIAN,JOHOR,ACT,DEA
JHR008307,Refrigerators| Laboratory,JHR075,KESIHATAN,PONTIAN,JOHOR,ACT,DEA
JHR009950,Refrigerators| Laboratory,JHR075,KESIHATAN,PONTIAN,JOHOR,ACT,DEA
JHR014757,Freezers| Laboratory| Vaccine,JHR017,KESIHATAN,KULAI JAYA,JOHOR,ACT,DEA
JHR014759,Freezers| Laboratory| Vaccine,JHR017,KESIHATAN,KULAI JAYA,JOHOR,ACT,DEA
JHR015709,COMPRESSORS| MEDICAL-AIR,JHR424,PERGIGIAN,BATU PAHAT,JOHOR,N/A,DEA
JHR023150,DENTAL DELIVERY UNITS,JHR424,PERGIGIAN,BATU PAHAT,JOHOR,N/A,DEA
JHR023151,DENTAL DELIVERY UNITS,JHR424,PERGIGIAN,BATU PAHAT,JOHOR,N/A,DEA
JHR015732,DENTAL DELIVERY UNITS,JHR424,PERGIGIAN,BATU PAHAT,JOHOR,N/A,DEA
JHR000343,ENDODONTIC HANDPIECES WITH APEX LOCATOR,JHR424,PERGIGIAN,BATU PAHAT,JOHOR,N/A,DEA
JHR000320,Scalers| Dental| Ultrasonic,JHR424,PERGIGIAN,BATU PAHAT,JOHOR,N/A,DEA
JHR023148,SCALERS| DENTAL| ULTRASONIC,JHR424,PERGIGIAN,BATU PAHAT,JOHOR,N/A,DEA
JHR000308,Sterilization Process Indicators| Biological,JHR424,PERGIGIAN,BATU PAHAT,JOHOR,N/A,DEA
JHR000922,Compressors| Medical-Air,JHR425,PERGIGIAN,BATU PAHAT,JOHOR,N/A,DEA
JHR000923,Compressors| Medical-Air,JHR425,PERGIGIAN,BATU PAHAT,JOHOR,N/A,DEA
JHR015465,ACRYLIC CURING UNITS| DENTAL,JHR426,PERGIGIAN,BATU PAHAT,JOHOR,N/A,DEA
JHR015470,ACRYLIC CURING UNITS| DENTAL,JHR426,PERGIGIAN,BATU PAHAT,JOHOR,N/A,DEA
JHR015473,ACRYLIC CURING UNITS| DENTAL,JHR426,PERGIGIAN,BATU PAHAT,JOHOR,N/A,DEA
JHR015476,ACRYLIC CURING UNITS| DENTAL,JHR426,PERGIGIAN,BATU PAHAT,JOHOR,N/A,DEA
JHR015456,AMALGAMATORS,JHR426,PERGIGIAN,BATU PAHAT,JOHOR,N/A,DEA
JHR015472,AMALGAMATORS,JHR426,PERGIGIAN,BATU PAHAT,JOHOR,N/A,DEA
JHR015458,ASPIRATORS| DENTAL,JHR426,PERGIGIAN,BATU PAHAT,JOHOR,N/A,DEA
JHR015457,CHAIRS| EXAMINATION/TREATMENT| DENTISTRY,JHR426,PERGIGIAN,BATU PAHAT,JOHOR,N/A,DEA
JHR015469,CHAIRS| EXAMINATION/TREATMENT| DENTISTRY,JHR426,PERGIGIAN,BATU PAHAT,JOHOR,N/A,DEA
JHR001970,Dental Delivery Units,JHR433,PERGIGIAN,BATU PAHAT,JOHOR,N/A,DEA
JHR000285,Scalers| Dental| Ultrasonic,JHR433,PERGIGIAN,BATU PAHAT,JOHOR,N/A,DEA
JHR023176,VACUUM CLEANERS,JHR435,PERGIGIAN,BATU PAHAT,JOHOR,N/A,DEA
JHR021220,ASPIRATORS| DENTAL,JHR440,PERGIGIAN,BATU PAHAT,JOHOR,N/A,DEA
JHR016142,DISPENSERS,JHR453,PERGIGIAN,KLUANG,JOHOR,ACT,BER
JHR004805-3-1,Scalers| Dental| Ultrasonic,JHR452,PERGIGIAN,KLUANG,JOHOR,ACT,BER
JHR005300-3-1,Scalers| Dental| Ultrasonic,JHR452,PERGIGIAN,KLUANG,JOHOR,ACT,BER
JHR016130,Sterilizing Units| Steam,JHR400,PERGIGIAN,MUAR,JOHOR,ACT,BER
JHR013834,Amalgamators,JHR401,PERGIGIAN,MUAR,JOHOR,ACT,BER
JHR003414,X-Ray Film Processors| Automatic,JHR061,KESIHATAN,MUAR,JOHOR,PBR,BER
JHR003436,Sterilizing Units| Steam| Tabletop,JHR061,KESIHATAN,MUAR,JOHOR,PBR,BER
JHR002598,Defibrillators| External| Manual,JHR061,KESIHATAN,MUAR,JOHOR,PBR,BER
MLK000952,Analyzers| Laboratory| Blood| Hemoglobin,MLK056,KESIHATAN,JASIN,MELAKA,ACT,DEA
MLK000989,Analyzers| Laboratory| Blood| Hemoglobin,MLK074,KESIHATAN,JASIN,MELAKA,ACT,DEA
MLK001892,Analyzers| Laboratory| Blood| Hemoglobin,MLK011,KESIHATAN,JASIN,MELAKA,ACT,DEA
MLK002372,Analyzers| Laboratory| Blood| Hemoglobin,MLK058,KESIHATAN,JASIN,MELAKA,ACT,DEA
MLK003080,Analyzers| Laboratory| Blood| Hemoglobin,MLK060,KESIHATAN,JASIN,MELAKA,ACT,DEA
MLK002980,Analyzers| Laboratory| Blood| Hemoglobin,MLK012,KESIHATAN,JASIN,MELAKA,ACT,DEA
MLK003446,Analyzers| Laboratory| Blood| Hemoglobin,MLK053,KESIHATAN,JASIN,MELAKA,ACT,DEA
MLK005340,Analyzers| Laboratory| Blood| Hemoglobin,MLK062,KESIHATAN,JASIN,MELAKA,ACT,DEA
MLK002407,Analyzers| Laboratory| Blood| Hemoglobin,MLK013,KESIHATAN,JASIN,MELAKA,ACT,DEA
MLK003425,Analyzers| Laboratory| Blood| Hemoglobin,MLK066,KESIHATAN,JASIN,MELAKA,ACT,DEA
MLK002420,Analyzers| Laboratory| Blood| Hemoglobin,MLK069,KESIHATAN,JASIN,MELAKA,ACT,DEA
MLK005313,Analyzers| Laboratory| Blood| Hemoglobin,MLK072,KESIHATAN,JASIN,MELAKA,ACT,DEA
MLK005314,Analyzers| Laboratory| Blood| Hemoglobin,MLK072,KESIHATAN,JASIN,MELAKA,ACT,DEA
MLK001677,Analyzers| Laboratory| Blood| Hemoglobin,MLK055,KESIHATAN,JASIN,MELAKA,ACT,DEA
MLK001800,Analyzers| Laboratory| Blood| Hemoglobin,MLK013,KESIHATAN,JASIN,MELAKA,ACT,DEA
MLK003020,Analyzers| Laboratory| Blood| Hemoglobin,MLK015,KESIHATAN,JASIN,MELAKA,ACT,DEA
MLK000944,Refrigerators| Laboratory,MLK067,KESIHATAN,JASIN,MELAKA,ACT,DEA
MLK001928,Refrigerators| Laboratory,MLK005,KESIHATAN,ALOR GAJAH,MELAKA,ACT,DEA
MLK005070,Refrigerators| Laboratory,MLK009,KESIHATAN,JASIN,MELAKA,ACT,DEA
MLK006211,Refrigerators| Laboratory,MLK189,KESIHATAN,ALOR GAJAH,MELAKA,ACT,DEA
MLK000495,Scales| Infant,MLK041,KESIHATAN,ALOR GAJAH,MELAKA,ACT,DEA
MLK000500,Scales| Infant,MLK041,KESIHATAN,ALOR GAJAH,MELAKA,ACT,DEA
MLK000904,Scales,MLK010,KESIHATAN,JASIN,MELAKA,ACT,DEA
MLK000914,Scales,MLK010,KESIHATAN,JASIN,MELAKA,ACT,DEA
MLK000915,Scales,MLK010,KESIHATAN,JASIN,MELAKA,ACT,DEA
MLK000947,Scales,MLK067,KESIHATAN,JASIN,MELAKA,ACT,DEA
MLK001161,Scales| Infant,MLK027,KESIHATAN,ALOR GAJAH,MELAKA,ACT,DEA
MLK001410,Scales| Infant,MLK043,KESIHATAN,ALOR GAJAH,MELAKA,ACT,DEA
MLK001458,Scales| Infant,MLK003,KESIHATAN,ALOR GAJAH,MELAKA,ACT,DEA
MLK001459,Scales| Infant,MLK003,KESIHATAN,ALOR GAJAH,MELAKA,ACT,DEA
MLK001463,Scales| Infant,MLK003,KESIHATAN,ALOR GAJAH,MELAKA,ACT,DEA
MLK001543,Scales| Infant,MLK045,KESIHATAN,ALOR GAJAH,MELAKA,ACT,DEA
MLK001671,Scales,MLK055,KESIHATAN,JASIN,MELAKA,ACT,DEA
MLK001673,Scales,MLK055,KESIHATAN,JASIN,MELAKA,ACT,DEA
MLK001902,Scales| Infant,MLK005,KESIHATAN,ALOR GAJAH,MELAKA,ACT,DEA
MLK001938,Scales| Infant,MLK005,KESIHATAN,ALOR GAJAH,MELAKA,ACT,DEA
MLK001939,Scales| Infant,MLK005,KESIHATAN,ALOR GAJAH,MELAKA,ACT,DEA
MLK001998,Scales| Infant,MLK005,KESIHATAN,ALOR GAJAH,MELAKA,ACT,DEA
MLK002000,Scales| Infant,MLK005,KESIHATAN,ALOR GAJAH,MELAKA,ACT,DEA
MLK002080,Scales| Infant,MLK049,KESIHATAN,ALOR GAJAH,MELAKA,ACT,DEA
MLK002144,Scales| Infant,MLK076,KESIHATAN,MELAKA TENGAH,MELAKA,ACT,DEA
MLK002468,Scales,MLK065,KESIHATAN,JASIN,MELAKA,ACT,DEA
MLK002484,Scales,MLK061,KESIHATAN,JASIN,MELAKA,ACT,DEA
MLK002485,Scales,MLK061,KESIHATAN,JASIN,MELAKA,ACT,DEA
MLK002486,Scales,MLK061,KESIHATAN,JASIN,MELAKA,ACT,DEA
MLK002669,Scales| Infant,MLK019,KESIHATAN,MELAKA TENGAH,MELAKA,ACT,DEA
MLK003449,Scales,MLK059,KESIHATAN,JASIN,MELAKA,ACT,DEA
MLK003967,Scales,MLK047,KESIHATAN,ALOR GAJAH,MELAKA,ACT,DEA
MLK003969,Scales,MLK047,KESIHATAN,ALOR GAJAH,MELAKA,ACT,DEA
MLK004774,Scales,MLK009,KESIHATAN,JASIN,MELAKA,ACT,DEA
MLK004775,Scales,MLK009,KESIHATAN,JASIN,MELAKA,ACT,DEA
MLK004777,Scales,MLK009,KESIHATAN,JASIN,MELAKA,ACT,DEA
MLK004783,Scales,MLK009,KESIHATAN,JASIN,MELAKA,ACT,DEA
MLK005305,Scales,MLK072,KESIHATAN,JASIN,MELAKA,ACT,DEA
MLK024157,SCALES| INFANT,MLK045,KESIHATAN,ALOR GAJAH,MELAKA,ACT,DEA
NSB000560,Refrigerators| Laboratory,NSB047,KESIHATAN,JELEBU,NEGERI SEMBILAN,ACT,DEA
NSB000572,Refrigerators| Laboratory,NSB044,KESIHATAN,JELEBU,NEGERI SEMBILAN,ACT,DEA
NSB000968,Refrigerators| Pharmacy ,NSB002,KESIHATAN,JELEBU,NEGERI SEMBILAN,ACT,DEA
NSB002563,Refrigerators| Laboratory,NSB048,KESIHATAN,JELEBU,NEGERI SEMBILAN,ACT,DEA
NSB002583,Refrigerators| Laboratory,NSB051,KESIHATAN,JELEBU,NEGERI SEMBILAN,ACT,DEA
NSB002838,Refrigerators| Laboratory,NSB049,KESIHATAN,JELEBU,NEGERI SEMBILAN,ACT,DEA
NSB003491,Refrigerators| Laboratory,NSB002,KESIHATAN,JELEBU,NEGERI SEMBILAN,ACT,DEA
NSB003504,Refrigerators| Pharmacy ,NSB002,KESIHATAN,JELEBU,NEGERI SEMBILAN,ACT,DEA
NSB003852,Refrigerators| Pharmacy ,NSB002,KESIHATAN,JELEBU,NEGERI SEMBILAN,ACT,DEA
NSB006704,Refrigerators| Laboratory,NSB002,KESIHATAN,JELEBU,NEGERI SEMBILAN,ACT,DEA
NSB008632,Refrigerators| Laboratory,NSB043,KESIHATAN,JELEBU,NEGERI SEMBILAN,ACT,DEA
NSB008648,Refrigerators| Laboratory,NSB054,KESIHATAN,JELEBU,NEGERI SEMBILAN,ACT,DEA
NSB008649,Refrigerators| Laboratory,NSB054,KESIHATAN,JELEBU,NEGERI SEMBILAN,ACT,DEA
NSB008676,Refrigerators| Laboratory,NSB056,KESIHATAN,JELEBU,NEGERI SEMBILAN,ACT,DEA
NSB008681,Refrigerators| Laboratory,NSB056,KESIHATAN,JELEBU,NEGERI SEMBILAN,ACT,DEA
NSB000188,Refrigerators| Laboratory,NSB003,KESIHATAN,JELEBU,NEGERI SEMBILAN,ACT,DEA
NSB000551,Refrigerators| Pharmacy ,NSB053,KESIHATAN,JELEBU,NEGERI SEMBILAN,ACT,DEA
NSB000596,Refrigerators| Laboratory,NSB045,KESIHATAN,JELEBU,NEGERI SEMBILAN,ACT,DEA
NSB000630,Refrigerators| Laboratory,NSB016,KESIHATAN,KUALA PILAH,NEGERI SEMBILAN,ACT,DEA
NSB000645,Refrigerators| Laboratory,NSB016,KESIHATAN,KUALA PILAH,NEGERI SEMBILAN,ACT,DEA
NSB000649,Refrigerators| Laboratory,NSB016,KESIHATAN,KUALA PILAH,NEGERI SEMBILAN,ACT,DEA
NSB001412,Refrigerators| Laboratory,NSB004,KESIHATAN,JELEBU,NEGERI SEMBILAN,ACT,DEA
NSB001417,Refrigerators| Laboratory,NSB004,KESIHATAN,JELEBU,NEGERI SEMBILAN,ACT,DEA
NSB001418,Refrigerators| Laboratory,NSB004,KESIHATAN,JELEBU,NEGERI SEMBILAN,ACT,DEA
NSB001439,Refrigerators| Laboratory,NSB004,KESIHATAN,JELEBU,NEGERI SEMBILAN,ACT,DEA
NSB001461,Refrigerators| Laboratory,NSB004,KESIHATAN,JELEBU,NEGERI SEMBILAN,ACT,DEA
NSB001620,Refrigerators| Laboratory,NSB014,KESIHATAN,KUALA PILAH,NEGERI SEMBILAN,ACT,DEA
NSB002172,Refrigerators| Laboratory,NSB017,KESIHATAN,KUALA PILAH,NEGERI SEMBILAN,ACT,DEA
NSB002191,Refrigerators| Laboratory,NSB017,KESIHATAN,KUALA PILAH,NEGERI SEMBILAN,ACT,DEA
NSB002240,Refrigerators| Laboratory,NSB013,KESIHATAN,KUALA PILAH,NEGERI SEMBILAN,ACT,DEA
NSB002269,Refrigerators| Laboratory,NSB013,KESIHATAN,KUALA PILAH,NEGERI SEMBILAN,ACT,DEA
NSB002454,Refrigerators| Laboratory,NSB018,KESIHATAN,KUALA PILAH,NEGERI SEMBILAN,ACT,DEA
NSB002465,Refrigerators| Laboratory,NSB012,KESIHATAN,KUALA PILAH,NEGERI SEMBILAN,ACT,DEA
NSB002577,Refrigerators| Laboratory,NSB050,KESIHATAN,JELEBU,NEGERI SEMBILAN,ACT,DEA
NSB002584,Refrigerators| Laboratory,NSB051,KESIHATAN,JELEBU,NEGERI SEMBILAN,ACT,DEA
NSB002823,Refrigerators| Pharmacy ,NSB055,KESIHATAN,JELEBU,NEGERI SEMBILAN,ACT,DEA
NSB002824,Refrigerators| Pharmacy ,NSB055,KESIHATAN,JELEBU,NEGERI SEMBILAN,ACT,DEA
NSB002837,Refrigerators| Laboratory,NSB049,KESIHATAN,JELEBU,NEGERI SEMBILAN,ACT,DEA
NSB002891,Refrigerators| Laboratory,NSB006,KESIHATAN,JEMPOL,NEGERI SEMBILAN,ACT,DEA
NSB002936,Refrigerators| Laboratory,NSB007,KESIHATAN,JEMPOL,NEGERI SEMBILAN,ACT,DEA
NSB003669,Refrigerators| Laboratory,NSB006,KESIHATAN,JEMPOL,NEGERI SEMBILAN,ACT,DEA
NSB003687,Refrigerators| Laboratory,NSB006,KESIHATAN,JEMPOL,NEGERI SEMBILAN,ACT,DEA
NSB003700,Refrigerators| Laboratory,NSB006,KESIHATAN,JEMPOL,NEGERI SEMBILAN,ACT,DEA
NSB006164,Refrigerators,NSB150,PERGIGIAN,SEREMBAN,NEGERI SEMBILAN,ACT,DEA
NSB006279,Refrigerators,NSB151,PERGIGIAN,SEREMBAN,NEGERI SEMBILAN,ACT,DEA
NSB006280,Refrigerators,NSB151,PERGIGIAN,SEREMBAN,NEGERI SEMBILAN,ACT,DEA
NSB008117,Refrigerators| Laboratory,NSB007,KESIHATAN,JEMPOL,NEGERI SEMBILAN,ACT,DEA
NSB008280,Refrigerators| Laboratory,NSB008,KESIHATAN,JEMPOL,NEGERI SEMBILAN,ACT,DEA
NSB008602,Refrigerators| Laboratory,NSB046,KESIHATAN,JELEBU,NEGERI SEMBILAN,ACT,DEA
NSB008621,Refrigerators| Laboratory,NSB052,KESIHATAN,JELEBU,NEGERI SEMBILAN,ACT,DEA
NSB008622,Refrigerators| Laboratory,NSB052,KESIHATAN,JELEBU,NEGERI SEMBILAN,ACT,DEA
NSB008631,Refrigerators| Laboratory,NSB043,KESIHATAN,JELEBU,NEGERI SEMBILAN,ACT,DEA
NSB008654,Refrigerators| Laboratory,NSB017,KESIHATAN,KUALA PILAH,NEGERI SEMBILAN,ACT,DEA
NSB008721,Refrigerators| Pharmacy ,NSB001,KESIHATAN,JELEBU,NEGERI SEMBILAN,ACT,DEA
NSB008736,Refrigerators| Pharmacy ,NSB001,KESIHATAN,JELEBU,NEGERI SEMBILAN,ACT,DEA
NSB008757,Refrigerators| Pharmacy ,NSB001,KESIHATAN,JELEBU,NEGERI SEMBILAN,ACT,DEA
NSB008823,Refrigerators| Laboratory,NSB060,KESIHATAN,JEMPOL,NEGERI SEMBILAN,ACT,DEA
NSB009164,Refrigerators| Pharmacy ,NSB045,KESIHATAN,JELEBU,NEGERI SEMBILAN,ACT,DEA
NSB009165,Refrigerators| Pharmacy ,NSB045,KESIHATAN,JELEBU,NEGERI SEMBILAN,ACT,DEA
NSB009276,Refrigerators| Pharmacy ,NSB005,KESIHATAN,JEMPOL,NEGERI SEMBILAN,ACT,DEA
NSB024208,Refrigerators| Laboratory,NSB031,KESIHATAN,SEREMBAN,NEGERI SEMBILAN,ACT,DEA
NSB000098,SCALES| INFANT,NSB039,KESIHATAN,TAMPIN,NEGERI SEMBILAN,ACT,DEA
NSB000463,Scales| Infant,NSB041,KESIHATAN,TAMPIN,NEGERI SEMBILAN,ACT,DEA
NSB000542,Scales| Infant,NSB053,KESIHATAN,JELEBU,NEGERI SEMBILAN,ACT,DEA
NSB000543,Scales| Infant,NSB053,KESIHATAN,JELEBU,NEGERI SEMBILAN,ACT,DEA
NSB000561,Scales| Infant,NSB047,KESIHATAN,JELEBU,NEGERI SEMBILAN,ACT,DEA
NSB000570,Scales| Infant,NSB044,KESIHATAN,JELEBU,NEGERI SEMBILAN,ACT,DEA
NSB000998,Scales| Infant,NSB002,KESIHATAN,JELEBU,NEGERI SEMBILAN,ACT,DEA
NSB001145,Scales,NSB084,KESIHATAN,KUALA PILAH,NEGERI SEMBILAN,ACT,DEA
NSB001157,Scales,NSB078,KESIHATAN,KUALA PILAH,NEGERI SEMBILAN,ACT,DEA
NSB001160,Scales,NSB078,KESIHATAN,KUALA PILAH,NEGERI SEMBILAN,ACT,DEA
NSB001626,Scales| Infant,NSB014,KESIHATAN,KUALA PILAH,NEGERI SEMBILAN,ACT,DEA
NSB001894,Scales| Infant,NSB085,KESIHATAN,KUALA PILAH,NEGERI SEMBILAN,ACT,DEA
NSB002553,Scales| Infant,NSB048,KESIHATAN,JELEBU,NEGERI SEMBILAN,ACT,DEA
NSB002554,Scales| Infant,NSB048,KESIHATAN,JELEBU,NEGERI SEMBILAN,ACT,DEA
NSB002555,Scales| Infant,NSB048,KESIHATAN,JELEBU,NEGERI SEMBILAN,ACT,DEA
NSB002567,Scales| Infant,NSB050,KESIHATAN,JELEBU,NEGERI SEMBILAN,ACT,DEA
NSB002569,Scales| Infant,NSB050,KESIHATAN,JELEBU,NEGERI SEMBILAN,ACT,DEA
NSB002588,Scales| Infant,NSB051,KESIHATAN,JELEBU,NEGERI SEMBILAN,ACT,DEA
NSB002589,Scales| Infant,NSB051,KESIHATAN,JELEBU,NEGERI SEMBILAN,ACT,DEA
NSB002590,Scales| Infant,NSB051,KESIHATAN,JELEBU,NEGERI SEMBILAN,ACT,DEA
NSB002820,SCALES,NSB011,KESIHATAN,JEMPOL,NEGERI SEMBILAN,ACT,DEA
NSB002831,Scales| Infant,NSB049,KESIHATAN,JELEBU,NEGERI SEMBILAN,ACT,DEA
NSB002927,Scales| Infant,NSB007,KESIHATAN,JEMPOL,NEGERI SEMBILAN,ACT,DEA
NSB003717,Scales| Infant,NSB006,KESIHATAN,JEMPOL,NEGERI SEMBILAN,ACT,DEA
NSB004482,Scales,NSB035,KESIHATAN,SEREMBAN,NEGERI SEMBILAN,ACT,DEA
NSB004484,Scales,NSB035,KESIHATAN,SEREMBAN,NEGERI SEMBILAN,ACT,DEA
NSB004781,Scales| Infant,NSB128,KESIHATAN,SEREMBAN,NEGERI SEMBILAN,ACT,DEA
NSB004783,Scales| Infant,NSB128,KESIHATAN,SEREMBAN,NEGERI SEMBILAN,ACT,DEA
NSB004841,Scales| Infant,NSB023,KESIHATAN,PORT DICKSON,NEGERI SEMBILAN,ACT,DEA
NSB004842,Scales| Infant,NSB023,KESIHATAN,PORT DICKSON,NEGERI SEMBILAN,ACT,DEA
NSB004845,Scales| Infant,NSB023,KESIHATAN,PORT DICKSON,NEGERI SEMBILAN,ACT,DEA
NSB005076,SCALES| INFANT,NSB005,KESIHATAN,JEMPOL,NEGERI SEMBILAN,ACT,DEA
NSB005080,Scales,NSB099,KESIHATAN,PORT DICKSON,NEGERI SEMBILAN,ACT,DEA
NSB005081,Scales,NSB099,KESIHATAN,PORT DICKSON,NEGERI SEMBILAN,ACT,DEA
NSB005087,Scales,NSB099,KESIHATAN,PORT DICKSON,NEGERI SEMBILAN,ACT,DEA
NSB005098,Scales,NSB101,KESIHATAN,PORT DICKSON,NEGERI SEMBILAN,ACT,DEA
NSB005101,Scales,NSB101,KESIHATAN,PORT DICKSON,NEGERI SEMBILAN,ACT,DEA
NSB005102,Scales,NSB101,KESIHATAN,PORT DICKSON,NEGERI SEMBILAN,ACT,DEA
NSB005228,Scales| Patient| Platform| Mechanical,NSB027,KESIHATAN,SEREMBAN,NEGERI SEMBILAN,ACT,DEA
NSB005303,SCALES| INFANT,NSB034,KESIHATAN,SEREMBAN,NEGERI SEMBILAN,ACT,DEA
NSB005308,Scales| Infant,NSB119,KESIHATAN,SEREMBAN,NEGERI SEMBILAN,ACT,DEA
NSB005312,SCALES| INFANT,NSB023,KESIHATAN,PORT DICKSON,NEGERI SEMBILAN,ACT,DEA
NSB005313,SCALES| INFANT,NSB084,KESIHATAN,KUALA PILAH,NEGERI SEMBILAN,ACT,DEA
NSB005397,Scales| Patient| Platform| Mechanical,NSB034,KESIHATAN,SEREMBAN,NEGERI SEMBILAN,ACT,DEA
NSB005406,SCALES,NSB013,KESIHATAN,KUALA PILAH,NEGERI SEMBILAN,ACT,DEA
NSB005528,Scales| Infant,NSB036,KESIHATAN,SEREMBAN,NEGERI SEMBILAN,ACT,DEA
NSB005551,Scales| Infant,NSB036,KESIHATAN,SEREMBAN,NEGERI SEMBILAN,ACT,DEA
NSB006357,SCALES,NSB011,KESIHATAN,JEMPOL,NEGERI SEMBILAN,ACT,DEA
NSB006363,SCALES,NSB011,KESIHATAN,JEMPOL,NEGERI SEMBILAN,ACT,DEA
NSB006364,SCALES,NSB011,KESIHATAN,JEMPOL,NEGERI SEMBILAN,ACT,DEA
NSB006369,SCALES,NSB018,KESIHATAN,KUALA PILAH,NEGERI SEMBILAN,ACT,DEA
NSB006378,Scales| Patient| Platform| Mechanical,NSB034,KESIHATAN,SEREMBAN,NEGERI SEMBILAN,ACT,DEA
NSB006691,Scales| Patient| Platform| Mechanical,NSB035,KESIHATAN,SEREMBAN,NEGERI SEMBILAN,ACT,DEA
NSB006770,Scales| Infant,NSB019,KESIHATAN,PORT DICKSON,NEGERI SEMBILAN,ACT,DEA
NSB008612,Scales| Infant,NSB052,KESIHATAN,JELEBU,NEGERI SEMBILAN,ACT,DEA
NSB008613,Scales| Infant,NSB052,KESIHATAN,JELEBU,NEGERI SEMBILAN,ACT,DEA
NSB008642,Scales| Infant,NSB054,KESIHATAN,JELEBU,NEGERI SEMBILAN,ACT,DEA
NSB008655,Scales| Infant,NSB054,KESIHATAN,JELEBU,NEGERI SEMBILAN,ACT,DEA
NSB008668,Scales| Infant,NSB056,KESIHATAN,JELEBU,NEGERI SEMBILAN,ACT,DEA
NSB009178,Scales| Infant,NSB050,KESIHATAN,JELEBU,NEGERI SEMBILAN,ACT,DEA
NSB009179,SCALES| INFANT,NSB002,KESIHATAN,JELEBU,NEGERI SEMBILAN,ACT,DEA
NSB009342,Scales| Infant,NSB010,KESIHATAN,JEMPOL,NEGERI SEMBILAN,ACT,DEA
NSB009345,SCALES| INFANT,NSB145,KESIHATAN,TAMPIN,NEGERI SEMBILAN,ACT,DEA
NSB009465,Scales| Clinical| Laboratory,NSB023,KESIHATAN,PORT DICKSON,NEGERI SEMBILAN,ACT,DEA
NSB009587,Scales| Patient| Platform| Mechanical,NSB035,KESIHATAN,SEREMBAN,NEGERI SEMBILAN,ACT,DEA
NSB024067,Scales| Patient| Platform| Electronic,NSB038,KESIHATAN,TAMPIN,NEGERI SEMBILAN,ACT,DEA
NSB024080,Scales| Patient| Platform| Electronic,NSB038,KESIHATAN,TAMPIN,NEGERI SEMBILAN,ACT,DEA
NSB024292,Scales| Patient| Platform| Mechanical,NSB036,KESIHATAN,SEREMBAN,NEGERI SEMBILAN,ACT,DEA
NSB024296,Scales| Patient| Platform| Mechanical,NSB036,KESIHATAN,SEREMBAN,NEGERI SEMBILAN,ACT,DEA
NSB024445,Scales| Patient| Platform| Electronic,NSB040,KESIHATAN,TAMPIN,NEGERI SEMBILAN,ACT,DEA
NSB008669,Scales| Infant,NSB053,KESIHATAN,JELEBU,NEGERI SEMBILAN,ACT,DEA
NSB000574,Scales| Infant,NSB053,KESIHATAN,JELEBU,NEGERI SEMBILAN,ACT,DEA
NSB002835,Scales| Infant,NSB053,KESIHATAN,JELEBU,NEGERI SEMBILAN,ACT,DEA
NSB009666,Scales| Infant,NSB126,KESIHATAN,SEREMBAN,NEGERI SEMBILAN,ACT,DEA
NSB004769,Scales| Infant,NSB126,KESIHATAN,SEREMBAN,NEGERI SEMBILAN,ACT,DEA
NSB004770,Scales| Infant,NSB126,KESIHATAN,SEREMBAN,NEGERI SEMBILAN,ACT,DEA
NSB002810,Scales| Infant,NSB055,KESIHATAN,JELEBU,NEGERI SEMBILAN,ACT,DEA
NSB003383,Sterilizing Units| Steam,NSB241,PERGIGIAN,JELEBU,NEGERI SEMBILAN,ACT,BER
NSB006443,Ovens| Drying,NSB025,KESIHATAN,REMBAU,NEGERI SEMBILAN,ACT,BER
NSB004576,Ovens| Drying,NSB026,KESIHATAN,REMBAU,NEGERI SEMBILAN,ACT,BER
NSB006461,Baths| Water| Laboratory,NSB025,KESIHATAN,REMBAU,NEGERI SEMBILAN,ACT,BER
NSB004577,Baths| Water| Laboratory,NSB026,KESIHATAN,REMBAU,NEGERI SEMBILAN,ACT,BER
NSB004824,Sphygmomanometers| Mercury,NSB130,KESIHATAN,SEREMBAN,NEGERI SEMBILAN,ACT,BER
NSB004685,Radiographic/Fluoroscopic Systems| General-Purpose,NSB034,KESIHATAN,SEREMBAN,NEGERI SEMBILAN,ACT,BER
NSB004366,Water Purification Systems,NSB034,KESIHATAN,SEREMBAN,NEGERI SEMBILAN,ACT,BER
NSB004403,Exercisers| Continuous Passive Motion,NSB034,KESIHATAN,SEREMBAN,NEGERI SEMBILAN,ACT,BER
NSB020021,SPHYGMOMANOMETERS| ANEROID,NSB288,KESIHATAN,SEREMBAN,NEGERI SEMBILAN,ACT,BER
NSB005825,Freezers| Laboratory| Vaccine,NSB117,KESIHATAN,REMBAU,NEGERI SEMBILAN,ACT,BER
NSB006557,Refrigerators| Laboratory,NSB024,KESIHATAN,REMBAU,NEGERI SEMBILAN,ACT,BER
NSB007046,Scales| Infant,NSB109,KESIHATAN,REMBAU,NEGERI SEMBILAN,ACT,BER
NSB001422,Analyzers| Laboratory| Urine| Semiautomated (M),NSB010,KESIHATAN,JEMPOL,NEGERI SEMBILAN,ACT,BER
NSB009244,Sphygmomanometers| Mercury,NSB010,KESIHATAN,JEMPOL,NEGERI SEMBILAN,ACT,BER
NSB020150,SPHYGMOMANOMETERS| ANEROID,NSB060,KESIHATAN,JEMPOL,NEGERI SEMBILAN,ACT,BER
NSB020151,SPHYGMOMANOMETERS| ANEROID,NSB060,KESIHATAN,JEMPOL,NEGERI SEMBILAN,ACT,BER
NSB023120,STERILIZING UNITS| STEAM,NSB151,PERGIGIAN,SEREMBAN,NEGERI SEMBILAN,ACT,BER
NSB023137,DENTAL DELIVERY UNITS,NSB154,PERGIGIAN,SEREMBAN,NEGERI SEMBILAN,ACT,BER
NSB004221,MICROMOTOR,NSB220,PERGIGIAN,PORT DICKSON,NEGERI SEMBILAN,ACT,BER
NSB007726,Sterilizing Units| Steam,NSB220,PERGIGIAN,PORT DICKSON,NEGERI SEMBILAN,ACT,BER
NSB009008,Sterilizing Units| Steam,NSB229,PERGIGIAN,PORT DICKSON,NEGERI SEMBILAN,ACT,BER
NSB003289,Sterilizing Units| Steam,NSB224,PERGIGIAN,PORT DICKSON,NEGERI SEMBILAN,ACT,BER
NSB003263,Lights| Dental,NSB282,PERGIGIAN,PORT DICKSON,NEGERI SEMBILAN,ACT,BER
NSB006586,Amalgamators,NSB234,PERGIGIAN,REMBAU,NEGERI SEMBILAN,ACT,BER
NSB007670,Amalgamators,NSB234,PERGIGIAN,REMBAU,NEGERI SEMBILAN,ACT,BER
NSB007668,Lights| Dental| Intraoral,NSB234,PERGIGIAN,REMBAU,NEGERI SEMBILAN,ACT,BER
NSB004398,Lights| Infrared,NSB034,KESIHATAN,SEREMBAN,NEGERI SEMBILAN,ACT,BER
NSB004779,Sphygmomanometers| Aneroid,NSB128,KESIHATAN,SEREMBAN,NEGERI SEMBILAN,ACT,BER
NSB001184,Ergometers| Bicycle,NSB017,KESIHATAN,KUALA PILAH,NEGERI SEMBILAN,ACT,BER
NSB001181,Ergometers| Bicycle,NSB017,KESIHATAN,KUALA PILAH,NEGERI SEMBILAN,ACT,BER
NSB001189,Exercisers,NSB017,KESIHATAN,KUALA PILAH,NEGERI SEMBILAN,ACT,BER
NSB001182,Ergometers| Bicycle,NSB017,KESIHATAN,KUALA PILAH,NEGERI SEMBILAN,ACT,BER
NSB001185,Exercisers,NSB017,KESIHATAN,KUALA PILAH,NEGERI SEMBILAN,ACT,BER
NSB002159,Scales| Patient| Platform| Electronic,NSB017,KESIHATAN,KUALA PILAH,NEGERI SEMBILAN,ACT,BER
NSB001344,Sterilizing Units| Steam| Tabletop,NSB040,KESIHATAN,TAMPIN,NEGERI SEMBILAN,ACT,BER
NSB000121,Light| Examination,NSB145,KESIHATAN,TAMPIN,NEGERI SEMBILAN,ACT,BER
NSB000128,Sphygmomanometers| Aneroid,NSB145,KESIHATAN,TAMPIN,NEGERI SEMBILAN,ACT,BER
NSB004232,Amalgamators,NSB167,PERGIGIAN,SEREMBAN,NEGERI SEMBILAN,ACT,BER
NSB009518,Dental Workstation,NSB221,PERGIGIAN,PORT DICKSON,NEGERI SEMBILAN,ACT,BER
NSB006595,Chairs| Examination/Treatment| Dentistry,NSB234,PERGIGIAN,REMBAU,NEGERI SEMBILAN,ACT,BER
NSB008759,Chairs| Examination/Treatment| Dentistry,NSB243,PERGIGIAN,JELEBU,NEGERI SEMBILAN,ACT,BER
NSB008760,Chairs| Examination/Treatment| Dentistry,NSB243,PERGIGIAN,JELEBU,NEGERI SEMBILAN,ACT,BER
PRK002918,Sphygmomanometers| Aneroid,PRK029,KESIHATAN,KAMPAR,PERAK,ACT,PBR
PRK003394,Sphygmomanometers| Aneroid,PRK211,KESIHATAN,KAMPAR,PERAK,ACT,PBR
PRK002094,Sphygmomanometers| Aneroid,PRK041,KESIHATAN,KAMPAR,PERAK,ACT,PBR
PRK002255,Nebulizers| Nonheated,PRK029,KESIHATAN,KAMPAR,PERAK,ACT,PBR
PRK002583,Nebulizers| Nonheated,PRK029,KESIHATAN,KAMPAR,PERAK,ACT,PBR
PRK000988,Mixers,PRK033,KESIHATAN,KAMPAR,PERAK,ACT,PBR
PRK001669,Refrigerators| Laboratory,PRK033,KESIHATAN,KAMPAR,PERAK,ACT,PBR
PRK000402,Refrigerators| Pharmacy ,PRK039,KESIHATAN,KINTA,PERAK,ACT,DEA
PRK000438,Refrigerators| Laboratory,PRK039,KESIHATAN,KINTA,PERAK,ACT,DEA
PRK000464,Refrigerators| Laboratory,PRK039,KESIHATAN,KINTA,PERAK,ACT,DEA
PRK000465,Refrigerators| Laboratory,PRK039,KESIHATAN,KINTA,PERAK,ACT,DEA
PRK000631,Refrigerators| Laboratory,PRK030,KESIHATAN,KINTA,PERAK,ACT,DEA
PRK000695,Refrigerators| Laboratory,PRK030,KESIHATAN,KINTA,PERAK,ACT,DEA
PRK000801,Refrigerators| Laboratory,PRK078,KESIHATAN,KINTA,PERAK,ACT,DEA
PRK001036,Refrigerators| Laboratory,PRK031,KESIHATAN,KINTA,PERAK,ACT,DEA
PRK001145,Refrigerators| Laboratory,PRK038,KESIHATAN,KINTA,PERAK,ACT,DEA
PRK001160,Refrigerators| Laboratory,PRK038,KESIHATAN,KINTA,PERAK,ACT,DEA
PRK001175,Refrigerators| Laboratory,PRK038,KESIHATAN,KINTA,PERAK,ACT,DEA
PRK001209,Refrigerators| Laboratory,PRK043,KESIHATAN,KINTA,PERAK,ACT,DEA
PRK001236,Refrigerators| Laboratory,PRK043,KESIHATAN,KINTA,PERAK,ACT,DEA
PRK001274,Refrigerators| Laboratory,PRK043,KESIHATAN,KINTA,PERAK,ACT,DEA
PRK001831,Refrigerators| Laboratory,PRK037,KESIHATAN,KINTA,PERAK,ACT,DEA
PRK001875,Refrigerators| Laboratory,PRK037,KESIHATAN,KINTA,PERAK,ACT,DEA
PRK002123,Refrigerators| Pharmacy ,PRK206,KESIHATAN,KINTA,PERAK,ACT,DEA
PRK002213,Refrigerators| Laboratory,PRK205,KESIHATAN,KINTA,PERAK,ACT,DEA
PRK002809,Refrigerators| Laboratory,PRK038,KESIHATAN,KINTA,PERAK,ACT,DEA
PRK002866,Refrigerators| Laboratory,PRK035,KESIHATAN,KINTA,PERAK,ACT,DEA
PRK002869,Refrigerators| Laboratory,PRK035,KESIHATAN,KINTA,PERAK,ACT,DEA
PRK003046,Refrigerators| Pharmacy ,PRK028,KESIHATAN,KINTA,PERAK,ACT,DEA
PRK003055,Refrigerators| Pharmacy ,PRK028,KESIHATAN,KINTA,PERAK,ACT,DEA
PRK003062,Refrigerators| Pharmacy ,PRK028,KESIHATAN,KINTA,PERAK,ACT,DEA
PRK003119,Refrigerators| Pharmacy ,PRK215,KESIHATAN,KINTA,PERAK,ACT,DEA
PRK003217,Refrigerators| Laboratory,PRK220,KESIHATAN,KINTA,PERAK,ACT,DEA
PRK003618,Refrigerators| Laboratory,PRK214,KESIHATAN,KINTA,PERAK,ACT,DEA
PRK003628,Refrigerators| Laboratory,PRK212,KESIHATAN,KINTA,PERAK,ACT,DEA
PRK004555,Refrigerators| Laboratory,PRK213,KESIHATAN,KINTA,PERAK,ACT,DEA
PRK004581,Refrigerators| Laboratory,PRK204,KESIHATAN,KINTA,PERAK,ACT,DEA
PRK004585,Refrigerators| Laboratory,PRK204,KESIHATAN,KINTA,PERAK,ACT,DEA
PRK004608,Refrigerators| Laboratory,PRK219,KESIHATAN,KINTA,PERAK,ACT,DEA
PRK014529,Refrigerators| Laboratory,PRK555,KESIHATAN,KINTA,PERAK,ACT,DEA
PRK014573,Refrigerators| Laboratory,PRK027,KESIHATAN,KINTA,PERAK,ACT,DEA
PRK014579,Refrigerators| Laboratory,PRK027,KESIHATAN,KINTA,PERAK,ACT,DEA
PRK014779,Refrigerators| Pharmacy ,PRK555,KESIHATAN,KINTA,PERAK,ACT,DEA
PRK015413,Refrigerators| Laboratory,PRK575,KESIHATAN,KINTA,PERAK,ACT,DEA
PRK015414,Refrigerators| Laboratory,PRK575,KESIHATAN,KINTA,PERAK,ACT,DEA
PRK015420,Refrigerators| Pharmacy ,PRK572,KESIHATAN,KINTA,PERAK,ACT,DEA
PRK015421,Refrigerators| Laboratory,PRK572,KESIHATAN,KINTA,PERAK,ACT,DEA
PRK015422,Refrigerators| Laboratory,PRK213,KESIHATAN,KINTA,PERAK,ACT,DEA
PRK024684,REFRIGERATORS| PHARMACY,PRK030,KESIHATAN,KINTA,PERAK,ACT,DEA
PRK024686,REFRIGERATORS| PHARMACY,PRK035,KESIHATAN,KINTA,PERAK,ACT,DEA
PRK007007,Refrigerators| Laboratory,PRK057,KESIHATAN,LARUT MATANG SELAMA,PERAK,ACT,DEA
PRK015334,Scales| Patient| Platform| Electronic,PRK021,KESIHATAN,KERIAN,PERAK,ACT,DEA
PRK030694,Scales| Patient| Platform| Electronic,PRK022,KESIHATAN,KERIAN,PERAK,ACT,DEA
PRK004696,Scales| Patient| Platform| Mechanical,PRK029,KESIHATAN,KAMPAR,PERAK,ACT,DEA
PRK002933,Sphygmomanometers| Aneroid,PRK029,KESIHATAN,KAMPAR,PERAK,ACT,DEA
PRK002936,Sphygmomanometers| Aneroid,PRK029,KESIHATAN,KAMPAR,PERAK,ACT,DEA
PRK025000,Sphygmomanometer Electronic Automatic,PRK029,KESIHATAN,KAMPAR,PERAK,ACT,DEA
PRK001646,Bilirubinometers| Laboratory,PRK033,KESIHATAN,KAMPAR,PERAK,ACT,DEA
PRK010690,ANALYZERS| LABORATORY| URINE| SEMIAUTOMATED (HIGH),PRK033,KESIHATAN,KAMPAR,PERAK,ACT,DEA
PRK001664,Centrifuges| Tabletop,PRK033,KESIHATAN,KAMPAR,PERAK,ACT,DEA
PRK003205,Electrocardiographs| Multichannel,PRK041,KESIHATAN,KAMPAR,PERAK,ACT,DEA
PRK000995,Exercisers| Continuous Passive Motion,PRK033,KESIHATAN,KAMPAR,PERAK,ACT,DEA
PRK001000,Exercisers| Continuous Passive Motion,PRK033,KESIHATAN,KAMPAR,PERAK,ACT,DEA
PRK005758,Refrigerators| Laboratory,PRK218,KESIHATAN,KAMPAR,PERAK,ACT,DEA
PRK002093,Sphygmomanometers| Mercury,PRK041,KESIHATAN,KAMPAR,PERAK,ACT,DEA
PRK002200,Sphygmomanometers| Mercury,PRK211,KESIHATAN,KAMPAR,PERAK,ACT,DEA
PRK002259,Sphygmomanometers| Mercury,PRK216,KESIHATAN,KAMPAR,PERAK,ACT,DEA
PRK002109,Sphygmomanometers| Mercury,PRK041,KESIHATAN,KAMPAR,PERAK,ACT,DEA
PRK002193,Sphygmomanometers| Mercury,PRK211,KESIHATAN,KAMPAR,PERAK,ACT,DEA
PRK008450,Sphygmomanometers| Mercury,PRK194,KESIHATAN,KERIAN,PERAK,ACT,BER
PRK008872,Oximeters| Pulse,PRK026,KESIHATAN,KERIAN,PERAK,ACT,BER
PRK008449,Scales| Infant,PRK194,KESIHATAN,KERIAN,PERAK,ACT,BER
PRK008713,Scales| Infant,PRK172,KESIHATAN,KERIAN,PERAK,ACT,BER
PRK007543,Sphygmomanometers| Electronic| Manual,PRK077,KESIHATAN,KERIAN,PERAK,ACT,BER
PRK006909,Analyzers| Laboratory| Hematology| Cell Counting| Automated ( High),PRK058,KESIHATAN,LARUT MATANG SELAMA,PERAK,ACT,BER
PRK014646,Sterilizing Units| Steam| Tabletop,PRK058,KESIHATAN,LARUT MATANG SELAMA,PERAK,ACT,BER
PRK007170,Scanning Systems| Ultrasonic| General Purpose,PRK051,KESIHATAN,LARUT MATANG SELAMA,PERAK,ACT,BER
PRK015710,Unit-Dose Dispensers| Pill,PRK051,KESIHATAN,LARUT MATANG SELAMA,PERAK,ACT,BER
PRK015782,Water Purification Systems,PRK060,KESIHATAN,LARUT MATANG SELAMA,PERAK,ACT,BER
PRK004143,Dental Workstation,PRK554,PERGIGIAN,KUALA KANGSAR,PERAK,ACT,BER
PRK009680,Amalgamators,PRK429,PERGIGIAN,BATANG PADANG,PERAK,ACT,BER
PRK006997,Sphygmomanometer Electronic Automatic,PRK050,KESIHATAN,LARUT MATANG SELAMA,PERAK,ACT,BER
PRK006986,Electrocardiographs| Multichannel,PRK050,KESIHATAN,LARUT MATANG SELAMA,PERAK,ACT,BER
PRK007982,Analyzers| Laboratory| Blood| Hemoglobin,PRK050,KESIHATAN,LARUT MATANG SELAMA,PERAK,ACT,BER
PRK007957,Scales| Infant,PRK050,KESIHATAN,LARUT MATANG SELAMA,PERAK,ACT,BER
PRK015640,Scales| Patient| Platform| Mechanical,PRK083,KESIHATAN,LARUT MATANG SELAMA,PERAK,ACT,BER
PRK006575,Centrifuges| Tabletop,PRK053,KESIHATAN,LARUT MATANG SELAMA,PERAK,ACT,BER
PRK008267,ANALYZERS| LABORATORY| BLOOD| HEMOGLOBIN,PRK058,KESIHATAN,LARUT MATANG SELAMA,PERAK,ACT,BER
PRK025225,SPHYGMOMANOMETERS| ELECTRONIC| AUTOMATIC,PRK052,KESIHATAN,LARUT MATANG SELAMA,PERAK,ACT,BER
PRK015747,Sphygmomanometers| Mercury,PRK060,KESIHATAN,LARUT MATANG SELAMA,PERAK,ACT,BER
PRK015762,Sphygmomanometers| Mercury,PRK060,KESIHATAN,LARUT MATANG SELAMA,PERAK,ACT,BER
PRK006784,Ovens| Drying,PRK060,KESIHATAN,LARUT MATANG SELAMA,PERAK,ACT,BER
PRK006783,Baths| Water| Laboratory,PRK060,KESIHATAN,LARUT MATANG SELAMA,PERAK,ACT,BER
PRK006703,View Boxes| X-Ray,PRK060,KESIHATAN,LARUT MATANG SELAMA,PERAK,ACT,BER
PRK006878,Aspirators,PRK059,KESIHATAN,LARUT MATANG SELAMA,PERAK,ACT,BER
PRK020263,Dental Delivery Units,PRK407,PERGIGIAN,KERIAN,PERAK,ACT,BER
PNG003034,Chairs| Examination/Treatment| Dentistry,PNG500,PERGIGIAN,ILKKM,PULAU PINANG,ACT,DEA
PNG003057,Chairs| Examination/Treatment| Dentistry,PNG500,PERGIGIAN,ILKKM,PULAU PINANG,ACT,DEA
PNG003058,Chairs| Examination/Treatment| Dentistry,PNG500,PERGIGIAN,ILKKM,PULAU PINANG,ACT,DEA
PNG003060,Chairs| Examination/Treatment| Dentistry,PNG500,PERGIGIAN,ILKKM,PULAU PINANG,ACT,DEA
PNG003059,Chairs| Examination/Treatment| Dentistry,PNG500,PERGIGIAN,ILKKM,PULAU PINANG,ACT,DEA
PNG003062,Chairs| Examination/Treatment| Dentistry,PNG500,PERGIGIAN,ILKKM,PULAU PINANG,ACT,DEA
PNG003063,Chairs| Examination/Treatment| Dentistry,PNG500,PERGIGIAN,ILKKM,PULAU PINANG,ACT,DEA
PNG003064,Chairs| Examination/Treatment| Dentistry,PNG500,PERGIGIAN,ILKKM,PULAU PINANG,ACT,DEA
PNG003065,Chairs| Examination/Treatment| Dentistry,PNG500,PERGIGIAN,ILKKM,PULAU PINANG,ACT,DEA
PNG003066,Chairs| Examination/Treatment| Dentistry,PNG500,PERGIGIAN,ILKKM,PULAU PINANG,ACT,DEA
PNG003067,Chairs| Examination/Treatment| Dentistry,PNG500,PERGIGIAN,ILKKM,PULAU PINANG,ACT,DEA
PNG003068,Chairs| Examination/Treatment| Dentistry,PNG500,PERGIGIAN,ILKKM,PULAU PINANG,ACT,DEA
PNG003069,Chairs| Examination/Treatment| Dentistry,PNG500,PERGIGIAN,ILKKM,PULAU PINANG,ACT,DEA
PNG003070,Chairs| Examination/Treatment| Dentistry,PNG500,PERGIGIAN,ILKKM,PULAU PINANG,ACT,DEA
PNG003056,Chairs| Examination/Treatment| Dentistry,PNG500,PERGIGIAN,ILKKM,PULAU PINANG,ACT,DEA
PNG003055,Chairs| Examination/Treatment| Dentistry,PNG500,PERGIGIAN,ILKKM,PULAU PINANG,ACT,DEA
PNG003054,Chairs| Examination/Treatment| Dentistry,PNG500,PERGIGIAN,ILKKM,PULAU PINANG,ACT,DEA
PNG003052,Chairs| Examination/Treatment| Dentistry,PNG500,PERGIGIAN,ILKKM,PULAU PINANG,ACT,DEA
PNG003050,Chairs| Examination/Treatment| Dentistry,PNG500,PERGIGIAN,ILKKM,PULAU PINANG,ACT,DEA
PNG003049,Chairs| Examination/Treatment| Dentistry,PNG500,PERGIGIAN,ILKKM,PULAU PINANG,ACT,DEA
PNG003048,Chairs| Examination/Treatment| Dentistry,PNG500,PERGIGIAN,ILKKM,PULAU PINANG,ACT,DEA
PNG003047,Chairs| Examination/Treatment| Dentistry,PNG500,PERGIGIAN,ILKKM,PULAU PINANG,ACT,DEA
PNG003046,Chairs| Examination/Treatment| Dentistry,PNG500,PERGIGIAN,ILKKM,PULAU PINANG,ACT,DEA
PNG003045,Chairs| Examination/Treatment| Dentistry,PNG500,PERGIGIAN,ILKKM,PULAU PINANG,ACT,DEA
PNG003044,Chairs| Examination/Treatment| Dentistry,PNG500,PERGIGIAN,ILKKM,PULAU PINANG,ACT,DEA
PNG003043,Chairs| Examination/Treatment| Dentistry,PNG500,PERGIGIAN,ILKKM,PULAU PINANG,ACT,DEA
PNG003042,Chairs| Examination/Treatment| Dentistry,PNG500,PERGIGIAN,ILKKM,PULAU PINANG,ACT,DEA
PNG003041,Chairs| Examination/Treatment| Dentistry,PNG500,PERGIGIAN,ILKKM,PULAU PINANG,ACT,DEA
PNG003040,Chairs| Examination/Treatment| Dentistry,PNG500,PERGIGIAN,ILKKM,PULAU PINANG,ACT,DEA
PNG003039,Chairs| Examination/Treatment| Dentistry,PNG500,PERGIGIAN,ILKKM,PULAU PINANG,ACT,DEA
PNG003038,Chairs| Examination/Treatment| Dentistry,PNG500,PERGIGIAN,ILKKM,PULAU PINANG,ACT,DEA
PNG003037,Chairs| Examination/Treatment| Dentistry,PNG500,PERGIGIAN,ILKKM,PULAU PINANG,ACT,DEA
PNG003036,Chairs| Examination/Treatment| Dentistry,PNG500,PERGIGIAN,ILKKM,PULAU PINANG,ACT,DEA
PNG003035,Chairs| Examination/Treatment| Dentistry,PNG500,PERGIGIAN,ILKKM,PULAU PINANG,ACT,DEA
PNG003033,Chairs| Examination/Treatment| Dentistry,PNG500,PERGIGIAN,ILKKM,PULAU PINANG,ACT,DEA
PNG003032,Chairs| Examination/Treatment| Dentistry,PNG500,PERGIGIAN,ILKKM,PULAU PINANG,ACT,DEA
PNG002746,Chairs| Examination/Treatment| Dentistry,PNG500,PERGIGIAN,ILKKM,PULAU PINANG,ACT,DEA
PNG002662,Chairs| Examination/Treatment| Dentistry,PNG500,PERGIGIAN,ILKKM,PULAU PINANG,ACT,DEA
PNG002661,Chairs| Examination/Treatment| Dentistry,PNG500,PERGIGIAN,ILKKM,PULAU PINANG,ACT,DEA
PNG002660,Chairs| Examination/Treatment| Dentistry,PNG500,PERGIGIAN,ILKKM,PULAU PINANG,ACT,DEA
PNG002659,Chairs| Examination/Treatment| Dentistry,PNG500,PERGIGIAN,ILKKM,PULAU PINANG,ACT,DEA
PNG002657,Chairs| Examination/Treatment| Dentistry,PNG500,PERGIGIAN,ILKKM,PULAU PINANG,ACT,DEA
PNG002656,Chairs| Examination/Treatment| Dentistry,PNG500,PERGIGIAN,ILKKM,PULAU PINANG,ACT,DEA
PNG002655,Chairs| Examination/Treatment| Dentistry,PNG500,PERGIGIAN,ILKKM,PULAU PINANG,ACT,DEA
PNG002654,Chairs| Examination/Treatment| Dentistry,PNG500,PERGIGIAN,ILKKM,PULAU PINANG,ACT,DEA
PNG002653,Chairs| Examination/Treatment| Dentistry,PNG500,PERGIGIAN,ILKKM,PULAU PINANG,ACT,DEA
PNG002652,Chairs| Examination/Treatment| Dentistry,PNG500,PERGIGIAN,ILKKM,PULAU PINANG,ACT,DEA
PNG002651,Chairs| Examination/Treatment| Dentistry,PNG500,PERGIGIAN,ILKKM,PULAU PINANG,ACT,DEA
PNG002645,Chairs| Examination/Treatment| Dentistry,PNG500,PERGIGIAN,ILKKM,PULAU PINANG,ACT,DEA
PNG002644,Chairs| Examination/Treatment| Dentistry,PNG500,PERGIGIAN,ILKKM,PULAU PINANG,ACT,DEA
PNG002643,Chairs| Examination/Treatment| Dentistry,PNG500,PERGIGIAN,ILKKM,PULAU PINANG,ACT,DEA
PNG002642,Chairs| Examination/Treatment| Dentistry,PNG500,PERGIGIAN,ILKKM,PULAU PINANG,ACT,DEA
PNG002641,Chairs| Examination/Treatment| Dentistry,PNG500,PERGIGIAN,ILKKM,PULAU PINANG,ACT,DEA
PNG002640,Chairs| Examination/Treatment| Dentistry,PNG500,PERGIGIAN,ILKKM,PULAU PINANG,ACT,DEA
PNG002639,Chairs| Examination/Treatment| Dentistry,PNG500,PERGIGIAN,ILKKM,PULAU PINANG,ACT,DEA
PNG002638,Chairs| Examination/Treatment| Dentistry,PNG500,PERGIGIAN,ILKKM,PULAU PINANG,ACT,DEA
PNG002637,Chairs| Examination/Treatment| Dentistry,PNG500,PERGIGIAN,ILKKM,PULAU PINANG,ACT,DEA
PNG002636,Chairs| Examination/Treatment| Dentistry,PNG500,PERGIGIAN,ILKKM,PULAU PINANG,ACT,DEA
PNG002635,Chairs| Examination/Treatment| Dentistry,PNG500,PERGIGIAN,ILKKM,PULAU PINANG,ACT,DEA
PNG002634,Chairs| Examination/Treatment| Dentistry,PNG500,PERGIGIAN,ILKKM,PULAU PINANG,ACT,DEA
PNG002633,Chairs| Examination/Treatment| Dentistry,PNG500,PERGIGIAN,ILKKM,PULAU PINANG,ACT,DEA
PNG002632,Chairs| Examination/Treatment| Dentistry,PNG500,PERGIGIAN,ILKKM,PULAU PINANG,ACT,DEA
PNG002631,Chairs| Examination/Treatment| Dentistry,PNG500,PERGIGIAN,ILKKM,PULAU PINANG,ACT,DEA
PNG001431,Chairs| Examination/Treatment| Dentistry,PNG500,PERGIGIAN,ILKKM,PULAU PINANG,ACT,DEA
PNG003668,Sterilizing Units| Portable,PNG500,PERGIGIAN,ILKKM,PULAU PINANG,ACT,DEA
PNG003669,Sterilizing Units| Portable,PNG500,PERGIGIAN,ILKKM,PULAU PINANG,ACT,DEA
PNG003667,Sterilizing Units| Portable,PNG500,PERGIGIAN,ILKKM,PULAU PINANG,ACT,DEA
PNG002798,Hp Maintenance System,PNG500,PERGIGIAN,ILKKM,PULAU PINANG,ACT,DEA
PNG003337,Hp Maintenance System,PNG500,PERGIGIAN,ILKKM,PULAU PINANG,ACT,DEA
PNG003653,Hp Maintenance System,PNG500,PERGIGIAN,ILKKM,PULAU PINANG,ACT,DEA
PNG002799,Hp Maintenance System,PNG500,PERGIGIAN,ILKKM,PULAU PINANG,ACT,DEA
PNG003024,Mixers,PNG500,PERGIGIAN,ILKKM,PULAU PINANG,ACT,BER
PNG008015,Bunsen Burner Electric,PNG500,PERGIGIAN,ILKKM,PULAU PINANG,ACT,N/A
PNG008401,SPHYGMOMANOMETERS| MERCURY,PNG008,KESIHATAN,SEBERANG PERAI TENGAH,PULAU PINANG,ACT,DEA
PNG004540,Sphygmomanometers| Mercury,PNG008,KESIHATAN,SEBERANG PERAI TENGAH,PULAU PINANG,ACT,DEA
PNG008400,Sphygmomanometers| Mercury,PNG008,KESIHATAN,SEBERANG PERAI TENGAH,PULAU PINANG,ACT,DEA
PNG004512,SPHYGMOMANOMETERS| MERCURY,PNG008,KESIHATAN,SEBERANG PERAI TENGAH,PULAU PINANG,ACT,DEA
PNG004529,Sphygmomanometers| Mercury,PNG008,KESIHATAN,SEBERANG PERAI TENGAH,PULAU PINANG,ACT,DEA
PNG004541,Sphygmomanometers| Mercury,PNG008,KESIHATAN,SEBERANG PERAI TENGAH,PULAU PINANG,ACT,DEA
PNG008403,Sphygmomanometers| Mercury,PNG008,KESIHATAN,SEBERANG PERAI TENGAH,PULAU PINANG,ACT,DEA
PNG004513,Sphygmomanometers| Mercury,PNG008,KESIHATAN,SEBERANG PERAI TENGAH,PULAU PINANG,ACT,DEA
PNG005531,Sphygmomanometers| Mercury,PNG009,KESIHATAN,SEBERANG PERAI TENGAH,PULAU PINANG,ACT,DEA
PNG005529,Sphygmomanometers| Mercury,PNG009,KESIHATAN,SEBERANG PERAI TENGAH,PULAU PINANG,ACT,DEA
PNG005534,Sphygmomanometers| Mercury,PNG009,KESIHATAN,SEBERANG PERAI TENGAH,PULAU PINANG,ACT,DEA
PNG005566,Sphygmomanometers| Mercury,PNG009,KESIHATAN,SEBERANG PERAI TENGAH,PULAU PINANG,ACT,DEA
PNG005569,Sphygmomanometers| Mercury,PNG009,KESIHATAN,SEBERANG PERAI TENGAH,PULAU PINANG,ACT,DEA
PNG004498,Sphygmomanometers| Mercury,PNG010,KESIHATAN,SEBERANG PERAI TENGAH,PULAU PINANG,ACT,DEA
PNG004499,Sphygmomanometers| Mercury,PNG010,KESIHATAN,SEBERANG PERAI TENGAH,PULAU PINANG,ACT,DEA
PNG004471,Sphygmomanometers| Mercury,PNG010,KESIHATAN,SEBERANG PERAI TENGAH,PULAU PINANG,ACT,DEA
PNG007517,Sphygmomanometers| Mercury,PNG011,KESIHATAN,SEBERANG PERAI TENGAH,PULAU PINANG,ACT,DEA
PNG005426,Sphygmomanometers| Mercury,PNG012,KESIHATAN,SEBERANG PERAI TENGAH,PULAU PINANG,ACT,DEA
PNG005467,Sphygmomanometers| Mercury,PNG012,KESIHATAN,SEBERANG PERAI TENGAH,PULAU PINANG,ACT,DEA
PNG005425,Sphygmomanometers| Mercury,PNG012,KESIHATAN,SEBERANG PERAI TENGAH,PULAU PINANG,ACT,DEA
PNG005471,Sphygmomanometers| Mercury,PNG012,KESIHATAN,SEBERANG PERAI TENGAH,PULAU PINANG,ACT,DEA
PNG004557,Sphygmomanometers| Mercury,PNG012,KESIHATAN,SEBERANG PERAI TENGAH,PULAU PINANG,ACT,DEA
PNG004558,Sphygmomanometers| Mercury,PNG012,KESIHATAN,SEBERANG PERAI TENGAH,PULAU PINANG,ACT,DEA
PNG004563,Sphygmomanometers| Mercury,PNG012,KESIHATAN,SEBERANG PERAI TENGAH,PULAU PINANG,ACT,DEA
PNG005446,Sphygmomanometers| Mercury,PNG012,KESIHATAN,SEBERANG PERAI TENGAH,PULAU PINANG,ACT,DEA
PNG005481,Sphygmomanometers| Mercury,PNG030,KESIHATAN,SEBERANG PERAI TENGAH,PULAU PINANG,ACT,DEA
PNG005141,Sphygmomanometers| Mercury,PNG030,KESIHATAN,SEBERANG PERAI TENGAH,PULAU PINANG,ACT,DEA
PNG005140,Sphygmomanometers| Mercury,PNG030,KESIHATAN,SEBERANG PERAI TENGAH,PULAU PINANG,ACT,DEA
PNG005488,Sphygmomanometers| Mercury,PNG030,KESIHATAN,SEBERANG PERAI TENGAH,PULAU PINANG,ACT,DEA
PNG004508,Sphygmomanometers| Mercury,PNG058,KESIHATAN,SEBERANG PERAI TENGAH,PULAU PINANG,ACT,DEA
PNG007304,Sphygmomanometers| Mercury,PNG058,KESIHATAN,SEBERANG PERAI TENGAH,PULAU PINANG,ACT,DEA
PNG005053,Sphygmomanometers| Mercury,PNG059,KESIHATAN,SEBERANG PERAI TENGAH,PULAU PINANG,ACT,DEA
PNG004372,Sphygmomanometers| Mercury,PNG062,KESIHATAN,SEBERANG PERAI TENGAH,PULAU PINANG,ACT,DEA
PNG004373,Sphygmomanometers| Mercury,PNG062,KESIHATAN,SEBERANG PERAI TENGAH,PULAU PINANG,ACT,DEA
PNG005206,Sphygmomanometers| Mercury,PNG063,KESIHATAN,SEBERANG PERAI TENGAH,PULAU PINANG,ACT,DEA
PNG005238,Sphygmomanometers| Mercury,PNG065,KESIHATAN,SEBERANG PERAI TENGAH,PULAU PINANG,ACT,DEA
PNG005220,Sphygmomanometers| Mercury,PNG065,KESIHATAN,SEBERANG PERAI TENGAH,PULAU PINANG,ACT,DEA
PNG005095,Sphygmomanometers| Mercury,PNG067,KESIHATAN,SEBERANG PERAI TENGAH,PULAU PINANG,ACT,DEA
PNG005152,Sphygmomanometers| Mercury,PNG068,KESIHATAN,SEBERANG PERAI TENGAH,PULAU PINANG,ACT,DEA
PNG007311,Sphygmomanometers| Mercury,PNG069,KESIHATAN,SEBERANG PERAI TENGAH,PULAU PINANG,ACT,DEA
PNG005191,Sphygmomanometers| Mercury,PNG237,KESIHATAN,SEBERANG PERAI TENGAH,PULAU PINANG,ACT,DEA
PNG005187,Sphygmomanometers| Mercury,PNG237,KESIHATAN,SEBERANG PERAI TENGAH,PULAU PINANG,ACT,DEA
PNG008408,Sphygmomanometers| Mercury,PNG250,KESIHATAN,SEBERANG PERAI TENGAH,PULAU PINANG,ACT,DEA
PNG005559,ANALYZERS| LABORATORY| BREATH| CARBON MONOXIDE,PNG012,KESIHATAN,SEBERANG PERAI TENGAH,PULAU PINANG,ACT,DEA
PNG001065,Sphygmomanometers| Electronic| Automatic,PNG027,KESIHATAN,TIMUR LAUT,PULAU PINANG,ACT,BER
PNG009309,Refrigerators| Pharmacy ,PNG023,KESIHATAN,TIMUR LAUT,PULAU PINANG,ACT,BER
PNG006827,X-Ray Film Processors| Automatic,PNG013,KESIHATAN,SEBERANG PERAI UTARA,PULAU PINANG,ACT,BER
PNG006436,Analyzers| Laboratory| Blood| Hemoglobin,PNG014,KESIHATAN,SEBERANG PERAI UTARA,PULAU PINANG,ACT,BER
PNG009079,Otoscopes,PNG015,KESIHATAN,SEBERANG PERAI UTARA,PULAU PINANG,ACT,BER
PNG006965,Otoscopes,PNG015,KESIHATAN,SEBERANG PERAI UTARA,PULAU PINANG,ACT,BER
PNG006898,Fetal Heart Detectors| Ultrasonic,PNG015,KESIHATAN,SEBERANG PERAI UTARA,PULAU PINANG,ACT,BER
PNG006969,Otoscopes,PNG015,KESIHATAN,SEBERANG PERAI UTARA,PULAU PINANG,ACT,BER
PNG006890,Bilirubinometers| Laboratory,PNG017,KESIHATAN,SEBERANG PERAI UTARA,PULAU PINANG,ACT,BER
PNG008860,Freezers| Laboratory| Vaccine,PNG018,KESIHATAN,SEBERANG PERAI UTARA,PULAU PINANG,ACT,BER
PNG009073,Freezers| Laboratory| Vaccine,PNG018,KESIHATAN,SEBERANG PERAI UTARA,PULAU PINANG,ACT,BER
PNG006737,Light| Examination,PNG076,KESIHATAN,SEBERANG PERAI UTARA,PULAU PINANG,ACT,BER
PNG009056,Fetal Heart Detectors| Ultrasonic,PNG078,KESIHATAN,SEBERANG PERAI UTARA,PULAU PINANG,ACT,BER
PNG004599,Analyzers| Laboratory| Blood| Hemoglobin,PNG012,KESIHATAN,SEBERANG PERAI TENGAH,PULAU PINANG,ACT,BER
PNG004594,Baths| Water| Laboratory,PNG012,KESIHATAN,SEBERANG PERAI TENGAH,PULAU PINANG,ACT,BER
PNG005452,Electrocardiographs| Multichannel,PNG012,KESIHATAN,SEBERANG PERAI TENGAH,PULAU PINANG,ACT,BER
PNG024570,FETAL HEART DETECTORS| ULTRASONIC,PNG012,KESIHATAN,SEBERANG PERAI TENGAH,PULAU PINANG,ACT,BER
PNG004572,Ophthalmoscopes,PNG012,KESIHATAN,SEBERANG PERAI TENGAH,PULAU PINANG,ACT,BER
PNG005433,Treadmills,PNG012,KESIHATAN,SEBERANG PERAI TENGAH,PULAU PINANG,ACT,BER
PNG005118,Scales| Infant,PNG070,KESIHATAN,SEBERANG PERAI TENGAH,PULAU PINANG,ACT,BER
PNG004544,Centrifuges| Tabletop,PNG008,KESIHATAN,SEBERANG PERAI TENGAH,PULAU PINANG,ACT,BER
PNG004519,Electrocardiographs| Multichannel,PNG008,KESIHATAN,SEBERANG PERAI TENGAH,PULAU PINANG,ACT,BER
PNG000239,ACRYLIC CURING UNITS| DENTAL,PNG098,PERGIGIAN,SEBERANG PERAI UTARA,PULAU PINANG,ACT,BER
PNG006043,Chairs| Examination/Treatment| Dentistry,PNG099,PERGIGIAN,SEBERANG PERAI UTARA,PULAU PINANG,ACT,BER
PNG007763,SCALERS| DENTAL| ULTRASONIC,PNG099,PERGIGIAN,SEBERANG PERAI UTARA,PULAU PINANG,ACT,BER
PNG008356,SCALERS| DENTAL| ULTRASONIC,PNG100,PERGIGIAN,SEBERANG PERAI UTARA,PULAU PINANG,ACT,BER
PNG006135,Sterilizing Units| Portable,PNG103,PERGIGIAN,SEBERANG PERAI UTARA,PULAU PINANG,ACT,BER
PNG008653,ULTRASONIC CLEANING SYSTEM,PNG103,PERGIGIAN,SEBERANG PERAI UTARA,PULAU PINANG,ACT,BER
PNG006070,Sterilizing Units| Steam,PNG104,PERGIGIAN,SEBERANG PERAI UTARA,PULAU PINANG,ACT,BER
PNG004908,CHAIRS| EXAMINATION/TREATMENT| DENTISTRY,PNG106,PERGIGIAN,SEBERANG PERAI UTARA,PULAU PINANG,ACT,BER
PNG007171,Chairs| Examination/Treatment| Dentistry,PNG113,PERGIGIAN,SEBERANG PERAI UTARA,PULAU PINANG,ACT,BER
PNG007170,Sterilizing Units| Steam,PNG113,PERGIGIAN,SEBERANG PERAI UTARA,PULAU PINANG,ACT,BER
PNG006019,Chairs| Examination/Treatment| Dentistry,PNG098,PERGIGIAN,SEBERANG PERAI UTARA,PULAU PINANG,ACT,BER
PNG009264,Dental Workstation,PNG099,PERGIGIAN,SEBERANG PERAI UTARA,PULAU PINANG,ACT,BER
PNG007261,STERILIZING UNITS| PORTABLE,PNG103,PERGIGIAN,SEBERANG PERAI UTARA,PULAU PINANG,ACT,BER
PNG006274,Chairs| Examination/Treatment| Dentistry,PNG108,PERGIGIAN,SEBERANG PERAI UTARA,PULAU PINANG,ACT,BER
SBH004784,Scales| Patient| Platform| Mechanical,SBH050,KESIHATAN,PENAMPANG,SABAH,ACT,PBR
SBH007375,Refrigerators| Pharmacy ,SBH040,KESIHATAN,KUDAT,SABAH,ACT,DEA
SBH007102,Refrigerators| Pharmacy ,SBH040,KESIHATAN,KUDAT,SABAH,ACT,DEA
SBH007351,Refrigerators| Pharmacy ,SBH172,KESIHATAN,KUDAT,SABAH,ACT,DEA
SBH007353,Refrigerators| Pharmacy ,SBH172,KESIHATAN,KUDAT,SABAH,ACT,DEA
SBH017218,Refrigerators| Laboratory,SBH558,KESIHATAN,KUDAT,SABAH,ACT,DEA
SBH009303,Refrigerators| Pharmacy ,SBH166,KESIHATAN,KUDAT,SABAH,ACT,DEA
SBH003579,Refrigerators| Pharmacy ,SBH037,KESIHATAN,KUDAT,SABAH,ACT,DEA
SBH017232,Refrigerators| Pharmacy ,SBH039,KESIHATAN,KUDAT,SABAH,ACT,DEA
SBH003603,Refrigerators| Pharmacy ,SBH039,KESIHATAN,KUDAT,SABAH,ACT,DEA
SBH007218,Refrigerators| Pharmacy ,SBH169,KESIHATAN,KUDAT,SABAH,ACT,DEA
SBH005840,Refrigerators| Pharmacy ,SBH167,KESIHATAN,KUDAT,SABAH,ACT,DEA
SBH000301,Refrigerators| Pharmacy ,SBH044,KESIHATAN,PITAS,SABAH,ACT,DEA
SBH001458,Refrigerators| Pharmacy ,SBH154,KESIHATAN,KOTA MARUDU ,SABAH,ACT,DEA
SBH001492,Refrigerators| Pharmacy ,SBH155,KESIHATAN,KOTA MARUDU ,SABAH,ACT,DEA
SBH001547,Refrigerators| Pharmacy ,SBH160,KESIHATAN,KOTA MARUDU ,SABAH,ACT,DEA
SBH001566,Refrigerators| Pharmacy ,SBH156,KESIHATAN,KOTA MARUDU ,SABAH,ACT,DEA
SBH001594,Refrigerators| Pharmacy ,SBH088,KESIHATAN,KOTA MARUDU ,SABAH,ACT,DEA
SBH001632,Refrigerators| Pharmacy ,SBH088,KESIHATAN,KOTA MARUDU ,SABAH,ACT,DEA
SBH001938,Refrigerators| Pharmacy ,SBH090,KESIHATAN,PITAS,SABAH,ACT,DEA
SBH002572,Refrigerators| Pharmacy ,SBH090,KESIHATAN,PITAS,SABAH,ACT,DEA
SBH005826,REFRIGERATORS| PHARMACY,SBH042,KESIHATAN,PITAS ,SABAH,ACT,DEA
SBH007373,Microscopes| Light| Laboratory,SBH040,KESIHATAN,KUDAT ,SABAH,ACT,DEA
SBH007378,Refrigerators| Pharmacy ,SBH171,KESIHATAN,KUDAT ,SABAH,ACT,DEA
SBH009509,Refrigerators| Pharmacy ,SBH159,KESIHATAN,KOTA MARUDU,SABAH,ACT,DEA
SBH009512,Refrigerators| Pharmacy ,SBH159,KESIHATAN,KOTA MARUDU,SABAH,ACT,DEA
SBH009616,Refrigerators| Pharmacy ,SBH209,KESIHATAN,PITAS,SABAH,ACT,DEA
SBH011147,Refrigerators| Pharmacy ,SBH211,KESIHATAN,PITAS,SABAH,ACT,DEA
SBH012527,Refrigerators| Pharmacy ,SBH210,KESIHATAN,PITAS,SABAH,ACT,DEA
SBH012785,Refrigerators| Pharmacy ,SBH213,KESIHATAN,PITAS,SABAH,ACT,DEA
SBH024505,REFRIGERATORS| PHARMACY,SBH089,KESIHATAN,KUDAT,SABAH,ACT,DEA
SBH024553,Freezers| Laboratory| Vaccine,SBH210,KESIHATAN,PITAS,SABAH,ACT,DEA
SBH012536,Aspirators,SBH211,KESIHATAN,PITAS,SABAH,ACT,DEA
SBH024543,Freezers| Laboratory| Vaccine,SBH208,KESIHATAN,PITAS,SABAH,ACT,DEA
SBH012792,Aspirators,SBH213,KESIHATAN,PITAS,SABAH,ACT,DEA
SBH007345,Scales| Patient| Platform| Electronic,SBH172,KESIHATAN,KUDAT,SABAH,ACT,DEA
SBH011967,SCALES| INFANT,SBH212,KESIHATAN,PITAS,SABAH,ACT,DEA
SBH013060,Scales| Patient| Platform| Mechanical,SBH041,KESIHATAN,PITAS,SABAH,ACT,DEA
SBH012661,Scales| Patient| Platform| Mechanical,SBH041,KESIHATAN,PITAS,SABAH,ACT,DEA
SBH013056,Scales| Patient| Platform| Mechanical,SBH041,KESIHATAN,PITAS,SABAH,ACT,DEA
SBH012791,Scales| Patient| Platform| Mechanical,SBH213,KESIHATAN,PITAS,SABAH,ACT,DEA
SBH011470,Scales| Patient| Platform| Mechanical,SBH212,KESIHATAN,PITAS,SABAH,ACT,DEA
SBH012531,Scales| Patient| Platform| Mechanical,SBH210,KESIHATAN,PITAS,SABAH,ACT,DEA
SBH012532,Scales| Patient| Platform| Mechanical,SBH210,KESIHATAN,PITAS,SABAH,ACT,DEA
SBH012529,Scales| Patient| Platform| Mechanical,SBH210,KESIHATAN,PITAS,SABAH,ACT,DEA
SBH012659,Scales| Patient| Platform| Mechanical,SBH210,KESIHATAN,PITAS,SABAH,ACT,DEA
SBH011144,Scales| Patient| Platform| Mechanical,SBH211,KESIHATAN,PITAS,SABAH,ACT,DEA
SBH012543,Scales| Patient| Platform| Mechanical,SBH044,KESIHATAN,PITAS,SABAH,ACT,DEA
SBH012585,Scales| Patient| Platform| Mechanical,SBH041,KESIHATAN,PITAS,SABAH,ACT,DEA
SBH024499,Scales| Patient| Platform| Mechanical,SBH171,KESIHATAN,KUDAT ,SABAH,ACT,DEA
SBH007381,Scales| Patient| Platform| Mechanical,SBH171,KESIHATAN,KUDAT ,SABAH,ACT,DEA
SBH007404,Scales| Patient| Platform| Mechanical,SBH171,KESIHATAN,KUDAT ,SABAH,ACT,DEA
SBH016753,Refrigerators| Pharmacy ,SBH530,KESIHATAN,TAWAU,SABAH,ACT,DEA
SBH016787,Refrigerators| Pharmacy ,SBH064,KESIHATAN,TAWAU,SABAH,PBR,DEA
SBH017983,Refrigerators| Pharmacy ,SBH064,KESIHATAN,TAWAU,SABAH,ACT,DEA
SBH016524,Refrigerators| Pharmacy ,SBH064,KESIHATAN,TAWAU,SABAH,ACT,DEA
SBH003537,Refrigerators| Laboratory,SBH064,KESIHATAN,TAWAU,SABAH,ACT,DEA
SBH024372,Scales| Patient| Platform| Mechanical,SBH263,KESIHATAN,TAWAU,SABAH,ACT,DEA
SBH010777,REFRIGERATORS,SBH093,KESIHATAN,KUNAK,SABAH,ACT,DEA
SBH011600,Refrigerators| Pharmacy ,SBH093,KESIHATAN,KUNAK,SABAH,ACT,DEA
SBH011855,REFRIGERATORS,SBH093,KESIHATAN,KUNAK,SABAH,ACT,DEA
SBH003382,REFRIGERATORS,SBH093,KESIHATAN,KUNAK,SABAH,ACT,DEA
SBH016528,Freezers| Laboratory,SBH096,KESIHATAN,TAWAU,SABAH,ACT,DEA
SBH000573,Sterilizing Units| Steam| Tabletop,SBH098,KESIHATAN,RANAU ,SABAH,ACT,DEA
SBH000336,Sterilizing Units| Steam| Tabletop,SBH098,KESIHATAN,RANAU ,SABAH,ACT,DEA
SBH005177,Scales| Patient| Platform| Mechanical,SBH220,KESIHATAN,RANAU ,SABAH,ACT,DEA
SBH000319,Freezers| Laboratory| Vaccine,SBH098,KESIHATAN,RANAU ,SABAH,ACT,DEA
SBH000318,Refrigerators| Laboratory,SBH098,KESIHATAN,RANAU ,SABAH,ACT,DEA
SBH000419,Scales| Patient| Platform| Mechanical,SBH220,KESIHATAN,RANAU ,SABAH,ACT,DEA
SBH000444,Sterilizing Units| Steam| Tabletop,SBH218,KESIHATAN,RANAU ,SABAH,ACT,DEA
SBH000457,Aspirators,SBH223,KESIHATAN,RANAU ,SABAH,ACT,DEA
SBH000657,Sterilizing Units| Steam| Tabletop,SBH070,KESIHATAN,RANAU ,SABAH,ACT,DEA
SBH000421,Scales| Patient| Platform| Mechanical,SBH216,KESIHATAN,RANAU ,SABAH,ACT,DEA
SBH000653,Scales| Patient| Platform| Mechanical,SBH215,KESIHATAN,RANAU ,SABAH,ACT,DEA
SBH000654,Aspirators,SBH215,KESIHATAN,RANAU ,SABAH,ACT,DEA
SBH000695,Scales| Patient| Platform| Electronic,SBH222,KESIHATAN,RANAU ,SABAH,ACT,DEA
SBH005335,Sterilizing Units| Steam| Tabletop,SBH071,KESIHATAN,RANAU ,SABAH,ACT,DEA
SBH000620,Sterilizing Units| Steam| Tabletop,SBH221,KESIHATAN,RANAU ,SABAH,ACT,DEA
SBH000770,Scales| Patient| Platform| Mechanical,SBH072,KESIHATAN,RANAU ,SABAH,ACT,DEA
SBH003545,Scales| Patient| Platform| Mechanical,SBH138,KESIHATAN,KOTA BELUD ,SABAH,ACT,DEA
SBH005111,Refrigerators| Laboratory,SBH097,KESIHATAN,KOTA BELUD ,SABAH,ACT,DEA
SBH008464,Scales| Patient| Platform| Electronic,SBH188,KESIHATAN,LAHAD DATU,SABAH,ACT,DEA
SBH008313,Refrigerators| Laboratory,SBH045,KESIHATAN,LAHAD DATU,SABAH,ACT,DEA
SBH008612,Refrigerators| Laboratory,SBH045,KESIHATAN,LAHAD DATU,SABAH,ACT,DEA
SBH008215,Refrigerators| Pharmacy ,SBH045,KESIHATAN,LAHAD DATU,SABAH,ACT,DEA
SBH008307,Refrigerators| Pharmacy ,SBH045,KESIHATAN,LAHAD DATU,SABAH,ACT,DEA
SBH008320,Refrigerators| Pharmacy ,SBH045,KESIHATAN,LAHAD DATU,SABAH,ACT,DEA
SBH008323,Refrigerators| Pharmacy ,SBH045,KESIHATAN,LAHAD DATU,SABAH,ACT,DEA
SBH008675,Refrigerators| Pharmacy ,SBH045,KESIHATAN,LAHAD DATU,SABAH,ACT,DEA
SBH008676,Refrigerators| Pharmacy ,SBH045,KESIHATAN,LAHAD DATU,SABAH,ACT,DEA
SBH008677,Refrigerators| Pharmacy ,SBH045,KESIHATAN,LAHAD DATU,SABAH,ACT,DEA
SBH008678,Refrigerators| Pharmacy ,SBH045,KESIHATAN,LAHAD DATU,SABAH,ACT,DEA
SBH017380,Refrigerators| Pharmacy ,SBH045,KESIHATAN,LAHAD DATU,SABAH,ACT,DEA
SBH003476,Scales| Infant,SBH202,KESIHATAN,PENAMPANG,SABAH,ACT,DEA
SBH003475,Scales| Infant,SBH202,KESIHATAN,PENAMPANG,SABAH,ACT,DEA
SBH003479,Analyzers| Laboratory| Blood| Hemoglobin,SBH202,KESIHATAN,PENAMPANG,SABAH,ACT,DEA
SBH005014,Analyzers| Laboratory| Blood| Hemoglobin,SBH201,KESIHATAN,PENAMPANG,SABAH,ACT,DEA
SBH004694,Refrigerators| Pharmacy ,SBH520,KESIHATAN,PENAMPANG,SABAH,ACT,DEA
SBH002953,Refrigerators| Pharmacy ,SBH206,KESIHATAN,PENAMPANG,SABAH,ACT,DEA
SBH017510,Refrigerators| Laboratory,SBH559,KESIHATAN,PENAMPANG,SABAH,ACT,DEA
SBH017152,Scalers| Dental| Ultrasonic,SBH293,PERGIGIAN,KOTA KINABALU,SABAH,ACT,DEA
SBH000918,ANALYZERS| LABORATORY| HEMATOLOGY| CELL COUNTING| AUTOMATED ( MEDIUM),SBH089,KESIHATAN,KUDAT,SABAH,ACT,BER
SBH003593,Sterilizing Units| Steam| Tabletop,SBH037,KESIHATAN,KUDAT,SABAH,ACT,BER
SBH003592,Freezers| Laboratory| Vaccine,SBH037,KESIHATAN,KUDAT,SABAH,ACT,BER
SBH024516,Freezers| Laboratory| Vaccine,SBH038,KESIHATAN,KUDAT,SABAH,ACT,BER
SBH000882,Analyzer Body Fat ,SBH038,KESIHATAN,KUDAT,SABAH,ACT,BER
SBH000889,Scales| Patient| Platform| Electronic,SBH038,KESIHATAN,KUDAT,SABAH,ACT,BER
SBH000906,Light| Examination,SBH038,KESIHATAN,KUDAT,SABAH,ACT,BER
SBH000845,Scales| Infant,SBH168,KESIHATAN,KUDAT,SABAH,ACT,BER
SBH009401,Sterilizing Units| Steam,SBH435,PERGIGIAN,KUDAT,SABAH,ACT,BER
SBH009602,Sterilizing Units| Steam,SBH435,PERGIGIAN,KUDAT,SABAH,ACT,BER
SBH009432,Sterilizing Units| Steam,SBH435,PERGIGIAN,KUDAT,SABAH,ACT,BER
SBH009424,Sterilizing Units| Steam,SBH435,PERGIGIAN,KUDAT,SABAH,ACT,BER
SBH007442,Sterilizing Units| Steam,SBH435,PERGIGIAN,KUDAT,SABAH,ACT,BER
SBH007909,Sterilizing Units| Portable,SBH435,PERGIGIAN,KUDAT,SABAH,ACT,BER
SBH001956,Chairs| Examination/Treatment| Dentistry,SBH209,PERGIGIAN,KUDAT,SABAH,PBR,BER
SBH007972,Trimmers| Model| Dental,SBH435,PERGIGIAN,KUDAT,SABAH,ACT,BER
SBH009417,Amalgamators,SBH444,PERGIGIAN,KUDAT,SABAH,ACT,BER
SBH007957,Trimmers| Model| Dental,SBH435,PERGIGIAN,KUDAT,SABAH,ACT,BER
SBH009445,Lights| Dental| Intraoral,SBH435,PERGIGIAN,KUDAT,SABAH,ACT,BER
SBH007439,Amalgamators,SBH435,PERGIGIAN,KUDAT,SABAH,ACT,BER
SBH009416,Sterilizing Units| Steam,SBH444,PERGIGIAN,KUDAT,SABAH,ACT,BER
SBH007953,Ultrasonic Cleaning System,SBH435,PERGIGIAN,KUDAT,SABAH,ACT,BER
SBH004779,Scanning Systems| Ultrasonic| General Purpose,SBH151,KESIHATAN,KOTA KINABALU,SABAH,ACT,BER
SBH013032,Scales| Patient| Platform| Electronic,SBH187,KESIHATAN,LAHAD DATU,SABAH,ACT,BER
SBH012942,Aspirators,SBH183,KESIHATAN,LAHAD DATU,SABAH,ACT,BER
SBH012950,Freezers| Laboratory| Vaccine,SBH183,KESIHATAN,LAHAD DATU,SABAH,ACT,BER
SBH012938,Scales| Infant,SBH183,KESIHATAN,LAHAD DATU,SABAH,ACT,BER
SBH012943,Sphygmomanometers| Mercury,SBH183,KESIHATAN,LAHAD DATU,SABAH,ACT,BER
SBH012935,Sphygmomanometers| Mercury,SBH183,KESIHATAN,LAHAD DATU,SABAH,ACT,BER
SBH012955,Sterilizing Units| Steam| Tabletop,SBH183,KESIHATAN,LAHAD DATU,SABAH,ACT,BER
SBH008207,Freezers| Laboratory| Vaccine,SBH045,KESIHATAN,LAHAD DATU,SABAH,ACT,BER
SBH008208,Freezers| Laboratory| Vaccine,SBH045,KESIHATAN,LAHAD DATU,SABAH,ACT,BER
SBH008210,Freezers| Laboratory| Vaccine,SBH045,KESIHATAN,LAHAD DATU,SABAH,ACT,BER
SBH008209,Defibrillators| External| Manual,SBH045,KESIHATAN,LAHAD DATU,SABAH,ACT,BER
SBH008601,Ovens| Drying,SBH045,KESIHATAN,LAHAD DATU,SABAH,ACT,BER
SBH012863,Scales| Patient| Platform| Mechanical,SBH048,KESIHATAN,LAHAD DATU,SABAH,PBR,BER
SBH012849,Scales| Patient| Platform| Electronic,SBH048,KESIHATAN,LAHAD DATU,SABAH,PBR,BER
SBH008347,Scales| Infant,SBH045,KESIHATAN,LAHAD DATU,SABAH,ACT,BER
SBH018064,Sterilizing Units| Steam,SBH399,PERGIGIAN,TAWAU,SABAH,PBR,BER
SBH007772,Chairs| Examination/Treatment| Dentistry,SBH413,PERGIGIAN,TAWAU,SABAH,PBR,BER
SBH018040,Micromotor,SBH394,PERGIGIAN,TAWAU,SABAH,PBR,BER
SBH011242,Scalers| Dental| Ultrasonic,SBH400,PERGIGIAN,TAWAU,SABAH,PBR,BER
SBH007812,Dental Delivery Units,SBH383,PERGIGIAN,TAWAU,SABAH,PBR,BER
SBH006967,Aspirators| Dental,SBH388,PERGIGIAN,TAWAU,SABAH,PBR,BER
SBH018077,Chairs| Examination/Treatment| Dentistry,SBH403,PERGIGIAN,TAWAU,SABAH,PBR,BER
SBH004992,Aspirators| Dental,SBH502,PERGIGIAN,PENAMPANG,SABAH,ACT,BER
SBH004000,Micromotor,SBH306,PERGIGIAN,KOTA KINABALU,SABAH,ACT,BER
SBH003996,Amalgamators,SBH306,PERGIGIAN,KOTA KINABALU,SABAH,ACT,BER
SLR000053,Scales,SLR185,KESIHATAN,SEPANG,SELANGOR,ACT,DEA
SLR000065,Scales,SLR182,KESIHATAN,SEPANG,SELANGOR,ACT,DEA
SLR000075,Scales,SLR178,KESIHATAN,SEPANG,SELANGOR,ACT,DEA
SLR000138,Scales,SLR066,KESIHATAN,HULU LANGAT,SELANGOR,ACT,DEA
SLR000285,Scales,SLR180,KESIHATAN,SEPANG,SELANGOR,ACT,DEA
SLR000437,Scales,SLR053,KESIHATAN,SEPANG,SELANGOR,ACT,DEA
SLR000464,Scales| Infant,SLR053,KESIHATAN,SEPANG,SELANGOR,ACT,DEA
SLR000636,Scales| Infant,SLR181,KESIHATAN,SEPANG,SELANGOR,ACT,DEA
SLR000853,Scales| Infant,SLR010,KESIHATAN,HULU LANGAT,SELANGOR,ACT,DEA
SLR001442,Scales,SLR032,KESIHATAN,KUALA LANGAT,SELANGOR,ACT,DEA
SLR001443,Scales,SLR032,KESIHATAN,KUALA LANGAT,SELANGOR,ACT,DEA
SLR001552,Scales,SLR114,KESIHATAN,KUALA LANGAT,SELANGOR,ACT,DEA
SLR001553,Scales,SLR114,KESIHATAN,KUALA LANGAT,SELANGOR,ACT,DEA
SLR001554,Scales,SLR114,KESIHATAN,KUALA LANGAT,SELANGOR,ACT,DEA
SLR001555,Scales,SLR114,KESIHATAN,KUALA LANGAT,SELANGOR,ACT,DEA
SLR001564,Scales,SLR126,KESIHATAN,KUALA LANGAT,SELANGOR,ACT,DEA
SLR001565,Scales,SLR126,KESIHATAN,KUALA LANGAT,SELANGOR,ACT,DEA
SLR001566,Scales,SLR126,KESIHATAN,KUALA LANGAT,SELANGOR,ACT,DEA
SLR001581,Scales,SLR122,KESIHATAN,KUALA LANGAT,SELANGOR,ACT,DEA
SLR001582,Scales,SLR122,KESIHATAN,KUALA LANGAT,SELANGOR,ACT,DEA
SLR001583,Scales,SLR122,KESIHATAN,KUALA LANGAT,SELANGOR,ACT,DEA
SLR001585,Scales,SLR122,KESIHATAN,KUALA LANGAT,SELANGOR,ACT,DEA
SLR001586,Scales,SLR122,KESIHATAN,KUALA LANGAT,SELANGOR,ACT,DEA
SLR001594,Scales,SLR118,KESIHATAN,KUALA LANGAT,SELANGOR,ACT,DEA
SLR001595,Scales,SLR118,KESIHATAN,KUALA LANGAT,SELANGOR,ACT,DEA
SLR001600,Scales,SLR118,KESIHATAN,KUALA LANGAT,SELANGOR,ACT,DEA
SLR001858,Scales,SLR117,KESIHATAN,KUALA LANGAT,SELANGOR,ACT,DEA
SLR001867,Scales,SLR117,KESIHATAN,KUALA LANGAT,SELANGOR,ACT,DEA
SLR001869,Scales,SLR117,KESIHATAN,KUALA LANGAT,SELANGOR,ACT,DEA
SLR001870,Scales,SLR124,KESIHATAN,KUALA LANGAT,SELANGOR,ACT,DEA
SLR001878,Scales,SLR124,KESIHATAN,KUALA LANGAT,SELANGOR,ACT,DEA
SLR001891,Scales,SLR115,KESIHATAN,KUALA LANGAT,SELANGOR,ACT,DEA
SLR001892,Scales,SLR115,KESIHATAN,KUALA LANGAT,SELANGOR,ACT,DEA
SLR001893,Scales,SLR115,KESIHATAN,KUALA LANGAT,SELANGOR,ACT,DEA
SLR001897,Scales,SLR119,KESIHATAN,KUALA LANGAT,SELANGOR,ACT,DEA
SLR002384,Scales| Infant,SLR007,KESIHATAN,GOMBAK,SELANGOR,ACT,DEA
SLR002592,Scales,SLR061,KESIHATAN,GOMBAK,SELANGOR,ACT,DEA
SLR003679,Scales| Infant,SLR106,KESIHATAN,KLANG,SELANGOR,ACT,DEA
SLR003776,Scales| Patient| Platform| Mechanical,SLR135,KESIHATAN,KUALA SELANGOR,SELANGOR,ACT,DEA
SLR005397,Scales| Infant,SLR029,KESIHATAN,KLANG,SELANGOR,ACT,DEA
SLR005405,Scales| Infant,SLR029,KESIHATAN,KLANG,SELANGOR,ACT,DEA
SLR005613,Scales| Infant,SLR098,KESIHATAN,KLANG,SELANGOR,ACT,DEA
SLR005942,Scales,SLR040,KESIHATAN,KUALA SELANGOR,SELANGOR,ACT,DEA
SLR005944,Scales,SLR040,KESIHATAN,KUALA SELANGOR,SELANGOR,ACT,DEA
SLR005946,Scales,SLR040,KESIHATAN,KUALA SELANGOR,SELANGOR,ACT,DEA
SLR005950,Scales,SLR040,KESIHATAN,KUALA SELANGOR,SELANGOR,ACT,DEA
SLR005952,Scales,SLR040,KESIHATAN,KUALA SELANGOR,SELANGOR,ACT,DEA
SLR005954,Scales,SLR040,KESIHATAN,KUALA SELANGOR,SELANGOR,ACT,DEA
SLR005959,Scales,SLR040,KESIHATAN,KUALA SELANGOR,SELANGOR,ACT,DEA
SLR005964,Scales,SLR040,KESIHATAN,KUALA SELANGOR,SELANGOR,ACT,DEA
SLR006089,Scales,SLR041,KESIHATAN,KUALA SELANGOR,SELANGOR,ACT,DEA
SLR006090,Scales,SLR041,KESIHATAN,KUALA SELANGOR,SELANGOR,PBR,DEA
SLR006091,Scales,SLR041,KESIHATAN,KUALA SELANGOR,SELANGOR,ACT,DEA
SLR006225,Scales,SLR041,KESIHATAN,KUALA SELANGOR,SELANGOR,ACT,DEA
SLR006245,Scales,SLR141,KESIHATAN,KUALA SELANGOR,SELANGOR,ACT,DEA
SLR006247,Scales,SLR141,KESIHATAN,KUALA SELANGOR,SELANGOR,ACT,DEA
SLR006281,Scales,SLR042,KESIHATAN,KUALA SELANGOR,SELANGOR,ACT,DEA
SLR006283,Scales,SLR042,KESIHATAN,KUALA SELANGOR,SELANGOR,ACT,DEA
SLR006284,Scales,SLR042,KESIHATAN,KUALA SELANGOR,SELANGOR,ACT,DEA
SLR006470,Scales,SLR131,KESIHATAN,KUALA SELANGOR,SELANGOR,ACT,DEA
SLR006499,Scales,SLR039,KESIHATAN,KUALA SELANGOR,SELANGOR,ACT,DEA
SLR006807,Scales,SLR112,KESIHATAN,KUALA LANGAT,SELANGOR,ACT,DEA
SLR006902,Scales,SLR036,KESIHATAN,KUALA LANGAT,SELANGOR,ACT,DEA
SLR007016,Scales,SLR123,KESIHATAN,KUALA LANGAT,SELANGOR,ACT,DEA
SLR007017,Scales,SLR123,KESIHATAN,KUALA LANGAT,SELANGOR,ACT,DEA
SLR007019,Scales| Infant,SLR123,KESIHATAN,KUALA LANGAT,SELANGOR,ACT,DEA
SLR007029,Scales,SLR110,KESIHATAN,KUALA LANGAT,SELANGOR,ACT,DEA
SLR007043,Scales| Infant,SLR125,KESIHATAN,KUALA LANGAT,SELANGOR,ACT,DEA
SLR007055,Scales,SLR125,KESIHATAN,KUALA LANGAT,SELANGOR,ACT,DEA
SLR007066,Scales,SLR109,KESIHATAN,KUALA LANGAT,SELANGOR,ACT,DEA
SLR007077,Scales,SLR120,KESIHATAN,KUALA LANGAT,SELANGOR,ACT,DEA
SLR007085,Scales,SLR120,KESIHATAN,KUALA LANGAT,SELANGOR,ACT,DEA
SLR007100,Scales,SLR107,KESIHATAN,KUALA LANGAT,SELANGOR,ACT,DEA
SLR007208,Scales,SLR030,KESIHATAN,KUALA LANGAT,SELANGOR,ACT,DEA
SLR007218,Scales,SLR030,KESIHATAN,KUALA LANGAT,SELANGOR,ACT,DEA
SLR007219,Scales,SLR030,KESIHATAN,KUALA LANGAT,SELANGOR,ACT,DEA
SLR007220,Scales,SLR030,KESIHATAN,KUALA LANGAT,SELANGOR,ACT,DEA
SLR007221,Scales,SLR030,KESIHATAN,KUALA LANGAT,SELANGOR,ACT,DEA
SLR007412,Scales,SLR111,KESIHATAN,KUALA LANGAT,SELANGOR,ACT,DEA
SLR007775,Scales,SLR042,KESIHATAN,KUALA SELANGOR,SELANGOR,ACT,DEA
SLR007808,Scales| Patient| Platform| Mechanical,SLR091,KESIHATAN,KLANG,SELANGOR,ACT,DEA
SLR007857,Scales,SLR128,KESIHATAN,KUALA SELANGOR,SELANGOR,ACT,DEA
SLR007858,Scales,SLR128,KESIHATAN,KUALA SELANGOR,SELANGOR,ACT,DEA
SLR007875,Scales,SLR137,KESIHATAN,KUALA SELANGOR,SELANGOR,ACT,DEA
SLR007876,Scales,SLR137,KESIHATAN,KUALA SELANGOR,SELANGOR,ACT,DEA
SLR007885,Scales,SLR137,KESIHATAN,KUALA SELANGOR,SELANGOR,ACT,DEA
SLR007886,Scales,SLR137,KESIHATAN,KUALA SELANGOR,SELANGOR,ACT,DEA
SLR007936,Scales,SLR131,KESIHATAN,KUALA SELANGOR,SELANGOR,ACT,DEA
SLR008124,Scales,SLR048,KESIHATAN,SABAK BERNAM,SELANGOR,ACT,DEA
SLR008309,Scales,SLR147,KESIHATAN,KUALA SELANGOR,SELANGOR,ACT,DEA
SLR008310,Scales,SLR147,KESIHATAN,KUALA SELANGOR,SELANGOR,ACT,DEA
SLR008324,Scales| Infant,SLR147,KESIHATAN,KUALA SELANGOR,SELANGOR,ACT,DEA
SLR008392,Scales,SLR042,KESIHATAN,KUALA SELANGOR,SELANGOR,ACT,DEA
SLR008643,Scales| Infant,SLR162,KESIHATAN,SABAK BERNAM,SELANGOR,ACT,DEA
SLR008663,Scales| Infant,SLR160,KESIHATAN,SABAK BERNAM,SELANGOR,ACT,DEA
SLR009073,Scales| Infant,SLR104,KESIHATAN,KLANG,SELANGOR,ACT,DEA
SLR009079,Scales| Infant,SLR104,KESIHATAN,KLANG,SELANGOR,ACT,DEA
SLR009275,Scales| Infant,SLR094,KESIHATAN,KLANG,SELANGOR,ACT,DEA
SLR009277,Scales| Infant,SLR094,KESIHATAN,KLANG,SELANGOR,ACT,DEA
SLR009281,Scales| Infant,SLR094,KESIHATAN,KLANG,SELANGOR,ACT,DEA
SLR009408,Scales| Infant,SLR090,KESIHATAN,KLANG,SELANGOR,ACT,DEA
SLR009417,Scales| Infant,SLR028,KESIHATAN,KLANG,SELANGOR,ACT,DEA
SLR009418,Scales| Infant,SLR028,KESIHATAN,KLANG,SELANGOR,ACT,DEA
SLR009424,Scales| Infant,SLR028,KESIHATAN,KLANG,SELANGOR,ACT,DEA
SLR009482,Scales| Infant,SLR051,KESIHATAN,SABAK BERNAM,SELANGOR,ACT,DEA
SLR009518,Scales| Infant,SLR155,KESIHATAN,SABAK BERNAM,SELANGOR,ACT,DEA
SLR009577,Scales| Infant,SLR175,KESIHATAN,SABAK BERNAM,SELANGOR,ACT,DEA
SLR009681,Scales,SLR130,KESIHATAN,KUALA SELANGOR,SELANGOR,ACT,DEA
SLR009885,Scales,SLR140,KESIHATAN,KUALA SELANGOR,SELANGOR,ACT,DEA
SLR009927,Scales| Infant,SLR165,KESIHATAN,SABAK BERNAM,SELANGOR,ACT,DEA
SLR010742,Scales,SLR087,KESIHATAN,HULU SELANGOR,SELANGOR,ACT,DEA
SLR011008,Scales,SLR129,KESIHATAN,KUALA SELANGOR,SELANGOR,ACT,DEA
SLR011009,Scales,SLR129,KESIHATAN,KUALA SELANGOR,SELANGOR,ACT,DEA
SLR011143,Scales,SLR003,KESIHATAN,GOMBAK,SELANGOR,ACT,DEA
SLR011188,Scales| Infant,SLR007,KESIHATAN,GOMBAK,SELANGOR,ACT,DEA
SLR011205,Scales| Infant,SLR056,KESIHATAN,GOMBAK,SELANGOR,ACT,DEA
SLR011206,Scales| Infant,SLR056,KESIHATAN,GOMBAK,SELANGOR,ACT,DEA
SLR011207,Scales| Infant,SLR056,KESIHATAN,GOMBAK,SELANGOR,ACT,DEA
SLR011208,Scales| Infant,SLR056,KESIHATAN,GOMBAK,SELANGOR,ACT,DEA
SLR011215,Scales| Infant,SLR061,KESIHATAN,GOMBAK,SELANGOR,ACT,DEA
SLR011216,Scales| Infant,SLR061,KESIHATAN,GOMBAK,SELANGOR,ACT,DEA
SLR011217,Scales| Infant,SLR061,KESIHATAN,GOMBAK,SELANGOR,ACT,DEA
SLR012146,Scales| Infant,SLR098,KESIHATAN,KLANG,SELANGOR,ACT,DEA
SLR012147,Scales| Infant,SLR098,KESIHATAN,KLANG,SELANGOR,ACT,DEA
SLR012588,Scales| Patient| Platform| Mechanical,SLR391,KESIHATAN,KLANG,SELANGOR,ACT,DEA
SLR024341,SCALES| INFANT,SLR056,KESIHATAN,GOMBAK,SELANGOR,ACT,DEA
SLR024342,SCALES| INFANT,SLR056,KESIHATAN,GOMBAK,SELANGOR,ACT,DEA
SLR024343,SCALES| INFANT,SLR056,KESIHATAN,GOMBAK,SELANGOR,ACT,DEA
SLR024344,SCALES| INFANT,SLR056,KESIHATAN,GOMBAK,SELANGOR,ACT,DEA
SLR024345,SCALES| INFANT,SLR056,KESIHATAN,GOMBAK,SELANGOR,ACT,DEA
SLR024370,SCALES| INFANT,SLR058,KESIHATAN,GOMBAK,SELANGOR,ACT,DEA
SLR024554,SCALES| INFANT,SLR005,KESIHATAN,GOMBAK,SELANGOR,ACT,DEA
SLR024555,SCALES| INFANT,SLR005,KESIHATAN,GOMBAK,SELANGOR,ACT,DEA
SLR024556,SCALES| INFANT,SLR005,KESIHATAN,GOMBAK,SELANGOR,ACT,DEA
SLR024581,SCALES| INFANT,SLR006,KESIHATAN,GOMBAK,SELANGOR,ACT,DEA
SLR024585,SCALES| INFANT,SLR006,KESIHATAN,GOMBAK,SELANGOR,ACT,DEA
SLR003859,Scales| Infant,SLR045,KESIHATAN,PETALING,SELANGOR,ACT,DEA
SLR003857,Scales| Infant,SLR045,KESIHATAN,PETALING,SELANGOR,ACT,DEA
SLR003856,Scales| Infant,SLR045,KESIHATAN,PETALING,SELANGOR,ACT,DEA
SLR006477,Scales,SLR145,KESIHATAN,KUALA SELANGOR,SELANGOR,ACT,DEA
SLR006471,Scales,SLR040,KESIHATAN,KUALA SELANGOR,SELANGOR,ACT,DEA
SLR006486,Scales,SLR039,KESIHATAN,KUALA SELANGOR,SELANGOR,ACT,DEA
SLR011002,Scales| Infant,SLR129,KESIHATAN,KUALA SELANGOR,SELANGOR,ACT,DEA
SLR011011,Scales,SLR129,KESIHATAN,KUALA SELANGOR,SELANGOR,ACT,DEA
SLR007888,Scales,SLR137,KESIHATAN,KUALA SELANGOR,SELANGOR,ACT,DEA
SLR006285,Scales,SLR042,KESIHATAN,KUALA SELANGOR,SELANGOR,ACT,DEA
SLR006216,Scales| Infant,SLR041,KESIHATAN,KUALA SELANGOR,SELANGOR,ACT,DEA
SLR007854,Scales| Infant,SLR128,KESIHATAN,KUALA SELANGOR,SELANGOR,ACT,DEA
SLR009533,Scales| Infant,SLR143,KESIHATAN,KUALA SELANGOR,SELANGOR,ACT,DEA
SLR006246,Scales,SLR141,KESIHATAN,KUALA SELANGOR,SELANGOR,ACT,DEA
SLR007778,Scales,SLR042,KESIHATAN,KUALA SELANGOR,SELANGOR,ACT,DEA
SLR006288,Scales,SLR042,KESIHATAN,KUALA SELANGOR,SELANGOR,ACT,DEA
SLR009674,Scales| Infant,SLR130,KESIHATAN,KUALA SELANGOR,SELANGOR,ACT,DEA
SLR000608,Refrigerators,SLR330,PERGIGIAN,SEPANG,SELANGOR,ACT,DEA
SLR000835,Refrigerators| Laboratory,SLR010,KESIHATAN,HULU LANGAT,SELANGOR,ACT,DEA
SLR000943,Refrigerators| Laboratory,SLR034,KESIHATAN,KUALA LANGAT,SELANGOR,ACT,DEA
SLR000986,Refrigerators| Laboratory,SLR034,KESIHATAN,KUALA LANGAT,SELANGOR,ACT,DEA
SLR001719,Refrigerators| Laboratory,SLR070,KESIHATAN,HULU LANGAT,SELANGOR,ACT,DEA
SLR003094,Refrigerators,SLR350,PERGIGIAN,HULU SELANGOR,SELANGOR,ACT,DEA
SLR003703,Refrigerators| Laboratory,SLR044,KESIHATAN,PETALING,SELANGOR,ACT,DEA
SLR003717,Refrigerators| Laboratory,SLR044,KESIHATAN,PETALING,SELANGOR,ACT,DEA
SLR004047,Refrigerators| Laboratory,SLR046,KESIHATAN,PETALING,SELANGOR,ACT,DEA
SLR004048,Refrigerators| Laboratory,SLR046,KESIHATAN,PETALING,SELANGOR,ACT,DEA
SLR004176,Refrigerators| Laboratory,SLR045,KESIHATAN,PETALING,SELANGOR,ACT,DEA
SLR004210,Refrigerators| Pharmacy ,SLR044,KESIHATAN,PETALING,SELANGOR,ACT,DEA
SLR004236,Refrigerators| Pharmacy ,SLR044,KESIHATAN,PETALING,SELANGOR,ACT,DEA
SLR004241,Refrigerators| Pharmacy ,SLR044,KESIHATAN,PETALING,SELANGOR,ACT,DEA
SLR005035,Refrigerators| Laboratory,SLR149,KESIHATAN,PETALING,SELANGOR,ACT,DEA
SLR005065,Refrigerators| Laboratory,SLR152,KESIHATAN,PETALING,SELANGOR,ACT,DEA
SLR005277,Refrigerators| Laboratory,SLR047,KESIHATAN,PETALING,SELANGOR,ACT,DEA
SLR005625,Refrigerators| Laboratory,SLR098,KESIHATAN,KLANG,SELANGOR,ACT,DEA
SLR006398,Refrigerators,SLR194,PERGIGIAN,SABAK BERNAM,SELANGOR,ACT,DEA
SLR006925,Refrigerators| Laboratory,SLR033,KESIHATAN,KUALA LANGAT,SELANGOR,ACT,DEA
SLR006981,Refrigerators| Laboratory,SLR033,KESIHATAN,KUALA LANGAT,SELANGOR,ACT,DEA
SLR007517,Refrigerators,SLR192,PERGIGIAN,SABAK BERNAM,SELANGOR,ACT,DEA
SLR008699,Refrigerators| Laboratory,SLR191,KESIHATAN,SABAK BERNAM,SELANGOR,ACT,DEA
SLR008851,Refrigerators,SLR379,PERGIGIAN,KUALA SELANGOR,SELANGOR,ACT,DEA
SLR009464,Refrigerators| Laboratory,SLR051,KESIHATAN,SABAK BERNAM,SELANGOR,ACT,DEA
SLR011756,Refrigerators,SLR375,PERGIGIAN,HULU LANGAT,SELANGOR,ACT,DEA
SLR011757,Refrigerators,SLR375,PERGIGIAN,HULU LANGAT,SELANGOR,ACT,DEA
SLR012118,Refrigerators| Laboratory,SLR012,KESIHATAN,HULU LANGAT,SELANGOR,ACT,DEA
SLR012544,Refrigerators,SLR379,PERGIGIAN,KUALA SELANGOR,SELANGOR,ACT,DEA
SLR023163,REFRIGERATORS,SLR350,PERGIGIAN,HULU SELANGOR,SELANGOR,ACT,DEA
SLR024711,REFRIGERATORS| PHARMACY,SLR033,KESIHATAN,KUALA LANGAT,SELANGOR,ACT,DEA
SLR024746,REFRIGERATORS,SLR180,KESIHATAN,SEPANG,SELANGOR,ACT,DEA
SLR009714,Scales| Patient| Platform| Mechanical,SLR043,KESIHATAN,PETALING,SELANGOR,PBR,BER
SLR009725,Oximeters| Pulse,SLR043,KESIHATAN,PETALING,SELANGOR,PBR,BER
SLR009749,Sphygmomanometers| Mercury,SLR043,KESIHATAN,PETALING,SELANGOR,PBR,BER
SLR009751,Scales| Patient| Platform| Mechanical,SLR043,KESIHATAN,PETALING,SELANGOR,PBR,BER
SLR009782,Ovens| Drying,SLR043,KESIHATAN,PETALING,SELANGOR,PBR,BER
SLR009816,Scales| Patient| Platform| Mechanical,SLR043,KESIHATAN,PETALING,SELANGOR,PBR,BER
SLR009839,Freezers| Laboratory| Vaccine,SLR043,KESIHATAN,PETALING,SELANGOR,PBR,BER
SLR009853,Analyzers| Laboratory| Blood| Hemoglobin,SLR043,KESIHATAN,PETALING,SELANGOR,PBR,BER
SLR001150,Freezers| Laboratory| Vaccine,SLR188,KESIHATAN,HULU LANGAT,SELANGOR,ACT,BER
SLR003767,Electrocardiographs| Multichannel,SLR012,KESIHATAN,HULU LANGAT,SELANGOR,ACT,BER
SLR012011,Scanning Systems| Ultrasonic| General Purpose,SLR010,KESIHATAN,HULU LANGAT,SELANGOR,ACT,BER
SLR003915,Lights| Dental| Intraoral,SLR218,PERGIGIAN,KLANG,SELANGOR,ACT,BER
SLR003927,Scalers| Dental| Ultrasonic,SLR218,PERGIGIAN,KLANG,SELANGOR,ACT,BER
SLR003928,Scalers| Dental| Ultrasonic,SLR218,PERGIGIAN,KLANG,SELANGOR,ACT,BER
SWK005442,Bilirubinometers| Laboratory,SWK015,KESIHATAN,BINTULU,SARAWAK,ACT,DEA
SWK023589,DISTILLING UNIT,SWK474,PERGIGIAN,BETONG ,SARAWAK,ACT,BER
SWK001024,Analyzers| Laboratory| Hematology| Cell Counting| Automated ( High),SWK051,KESIHATAN,KUCHING ,SARAWAK,ACT,BER
SWK002399,Defibrillators| External| Manual,SWK049,KESIHATAN,KUCHING ,SARAWAK,ACT,BER
SWK000715,Electrocardiographs| Multichannel,SWK051,KESIHATAN,KUCHING ,SARAWAK,ACT,BER
SWK002663,Fetal Heart Detectors| Ultrasonic,SWK197,KESIHATAN,KUCHING ,SARAWAK,ACT,BER
SWK015724,Freezers| Laboratory| Vaccine,SWK048,KESIHATAN,KUCHING ,SARAWAK,ACT,DEA
SWK015948,Refrigerators| Laboratory,SWK048,KESIHATAN,KUCHING ,SARAWAK,ACT,DEA
SWK001088,Refrigerators| Pharmacy,SWK056,KESIHATAN,KUCHING ,SARAWAK,ACT,BER
SWK001224,Refrigerators| Pharmacy,SWK048,KESIHATAN,KUCHING ,SARAWAK,ACT,DEA
SWK001238,Refrigerators| Pharmacy,SWK048,KESIHATAN,KUCHING ,SARAWAK,ACT,DEA
SWK002666,Sphygmomanometers| Mercury,SWK197,KESIHATAN,KUCHING ,SARAWAK,ACT,BER
SWK001090,Unit-Dose Dispensers| Pill,SWK056,KESIHATAN,KUCHING ,SARAWAK,ACT,BER
SWK001089,Unit-Dose Dispensers| Pill,SWK056,KESIHATAN,KUCHING ,SARAWAK,ACT,BER
SWK000616,Dental Workstation,SWK249,PERGIGIAN,KUCHING ,SARAWAK,ACT,BER
SWK000617,Dental Workstation,SWK249,PERGIGIAN,KUCHING ,SARAWAK,ACT,BER
SWK000608,Ultrasonic Cleaning System,SWK249,PERGIGIAN,KUCHING ,SARAWAK,ACT,BER
SWK000069,Micromotor,SWK251,PERGIGIAN,KUCHING ,SARAWAK,ACT,BER
SWK001161,Micromotor,SWK251,PERGIGIAN,KUCHING ,SARAWAK,ACT,BER
SWK001159,Amalgamators,SWK275,PERGIGIAN,KUCHING ,SARAWAK,ACT,BER
SWK007797,Micromotor,SWK284,PERGIGIAN,KUCHING ,SARAWAK,ACT,BER
SWK015545,Scales| Patient| Platform| Mechanical,SWK157,KESIHATAN,SARIKEI ,SARAWAK,PBR,BER
SWK004858,Chairs| Examination/Treatment| Dentistry,SWK335,PERGIGIAN,SIBU ,SARAWAK,ACT,BER
SWK023129,HANDPIECES| DENTAL,SWK329,PERGIGIAN,SIBU ,SARAWAK,ACT,BER
SWK013152,Lights| Dental| Intraoral,SWK327,PERGIGIAN,SIBU ,SARAWAK,ACT,BER
SWK009382,Refrigerators,SWK330,PERGIGIAN,SIBU ,SARAWAK,ACT,DEA
SWK014452,Refrigerators,SWK342,PERGIGIAN,SIBU ,SARAWAK,ACT,DEA
SWK014434,Refrigerators,SWK341,PERGIGIAN,SIBU ,SARAWAK,ACT,DEA
SWK004849,Refrigerators,SWK331,PERGIGIAN,SIBU ,SARAWAK,ACT,DEA
SWK012993,Refrigerators,SWK333,PERGIGIAN,SIBU ,SARAWAK,ACT,DEA
SWK009418,Refrigerators,SWK330,PERGIGIAN,SIBU ,SARAWAK,ACT,DEA
SWK015591,Sterilizing Units| Steam| Tabletop,SWK174,KESIHATAN,SIBU ,SARAWAK,ACT,DEA
SWK010629,Sterilizing Units| Steam| Tabletop,SWK215,KESIHATAN,SIBU ,SARAWAK,ACT,DEA
SWK009286,Sphygmomanometers| Mercury,SWK220,KESIHATAN,MUKAH,SARAWAK,ACT,BER
SWK009293,Sphygmomanometers| Mercury,SWK220,KESIHATAN,MUKAH,SARAWAK,ACT,BER
SWK008194,Scales| Infant,SWK220,KESIHATAN,MUKAH,SARAWAK,ACT,BER
SWK008177,Scales| Patient| Platform| Mechanical,SWK111,KESIHATAN,MUKAH,SARAWAK,ACT,BER
SWK012786,Sphygmomanometers| Electronic| Automatic,SWK132,KESIHATAN,MUKAH,SARAWAK,ACT,BER
SWK012782,Sphygmomanometers| Electronic| Automatic,SWK132,KESIHATAN,MUKAH,SARAWAK,ACT,BER
SWK012558,Aspirators,SWK128,KESIHATAN,MUKAH,SARAWAK,ACT,BER
SWK002453,SCALES| INFANT,SWK111,KESIHATAN,MUKAH,SARAWAK,ACT,BER
SWK015681,Scales| Infant,SWK119,KESIHATAN,MUKAH,SARAWAK,ACT,BER
SWK015932,Sphygmomanometers| Electronic| Automatic,SWK220,KESIHATAN,MUKAH,SARAWAK,ACT,BER
SWK009237,Scales| Patient| Platform| Electronic,SWK208,KESIHATAN,MUKAH,SARAWAK,ACT,BER
SWK015739,Sphygmomanometers| Electronic| Automatic,SWK125,KESIHATAN,MUKAH,SARAWAK,ACT,BER
WKL000571,Scales,WKL018,KESIHATAN,TITIWANGSA,WILAYAH PERSEKUTUAN,ACT,DEA
WKL000709,Scales,WKL006,KESIHATAN,KEPONG,WILAYAH PERSEKUTUAN,ACT,DEA
WKL000711,Scales,WKL006,KESIHATAN,KEPONG,WILAYAH PERSEKUTUAN,ACT,DEA
WKL001681,Scales,WKL006,KESIHATAN,KEPONG,WILAYAH PERSEKUTUAN,ACT,DEA
WKL001694,Scales,WKL006,KESIHATAN,KEPONG,WILAYAH PERSEKUTUAN,ACT,DEA
WKL001728,Scales,WKL006,KESIHATAN,KEPONG,WILAYAH PERSEKUTUAN,ACT,DEA
WKL001954,Scales,WKL007,KESIHATAN,TITIWANGSA,WILAYAH PERSEKUTUAN,ACT,DEA
WKL001962,Scales,WKL007,KESIHATAN,TITIWANGSA,WILAYAH PERSEKUTUAN,ACT,DEA
WKL003242,Scales,WKL032,KESIHATAN,KEPONG,WILAYAH PERSEKUTUAN,ACT,DEA
WKL003243,Scales,WKL032,KESIHATAN,KEPONG,WILAYAH PERSEKUTUAN,ACT,DEA
WKL003244,Scales,WKL032,KESIHATAN,KEPONG,WILAYAH PERSEKUTUAN,ACT,DEA
WKL000701,Scales,WKL006,KESIHATAN,KEPONG,WILAYAH PERSEKUTUAN,ACT,DEA
WKL001700,Scales,WKL006,KESIHATAN,KEPONG,WILAYAH PERSEKUTUAN,ACT,DEA
NSB000732,Chairs| Examination/Treatment| Dentistry,NSB260,PERGIGIAN,JEMPOL,NEGERI SEMBILAN,ACT,BER
