"#","Receipt No.","Customer Code","Customer Name","Receipt Route","Receipt Date","Currency","Receipt Amount","Receipt Category","Finance Book","Instrument No.","Status","Instrument Date","Receipt Mode","Bank / Cash Code","Description","Booking No","HBL HAWB NO","MBL MAWB NO"
1,"QMS-CR2524/17","JHR-K-BPH","PKD  Batu Pahat","Bank","2017-10-04","RM",16307.99,"Regular","QMSPFB","","Fully Adjusted","","Direct Debit","QMSRHBSEC14REV-CA","RHB BANK BERHAD - REVENUE","","",""
2,"QMS-CR2542/17","JHR-K-BPH","PKD  Batu Pahat","Bank","2017-10-04","RM",19441.81,"Regular","QMSPFB","","Fully Adjusted","","Direct Debit","QMSRHBSEC14REV-CA","RHB BANK BERHAD - REVENUE","","",""
3,"QMS-CR2906/17","JHR-K-BPH","PKD  Batu Pahat","Bank","2017-10-25","RM",24517.04,"Regular","QMSPFB","","Fully Adjusted","","Direct Debit","QMSRHBSEC14REV-CA","RHB BANK BERHAD - REVENUE","","",""
4,"QMS-CR2896/17","JHR-K-BPH","PKD  Batu Pahat","Bank","2017-10-25","RM",34625.79,"Regular","QMSPFB","","Fully Adjusted","","Direct Debit","QMSRHBSEC14REV-CA","RHB BANK BERHAD - REVENUE","","",""
5,"QMS-CR2897/17","JHR-K-BPH","PKD  Batu Pahat","Bank","2017-10-25","RM",34625.79,"Regular","QMSPFB","","Fully Adjusted","","Direct Debit","QMSRHBSEC14REV-CA","RHB BANK BERHAD - REVENUE","","",""
6,"QMS-CR2898/17","JHR-K-BPH","PKD  Batu Pahat","Bank","2017-10-25","RM",34625.79,"Regular","QMSPFB","","Fully Adjusted","","Direct Debit","QMSRHBSEC14REV-CA","RHB BANK BERHAD - REVENUE","","",""
7,"QMS-CR2888/17","JHR-K-BPH","PKD  Batu Pahat","Bank","2017-10-25","RM",56261.62,"Regular","QMSPFB","","Fully Adjusted","","Direct Debit","QMSRHBSEC14REV-CA","RHB BANK BERHAD - REVENUE","","",""
8,"QMS-CR2677/17","JHR-K-BPH","PKD  Batu Pahat","Bank","2017-10-03","RM",66910.00,"Regular","QMSPFB","","Fully Adjusted","","Direct Debit","QMSRHBSEC14REV-CA","RHB BANK BERHAD - REVENUE","","",""
9,"QMS-CR2820/17","JHR-K-JBH","PKD  Johor Bahru","Bank","2017-10-12","RM",4663.41,"Regular","QMSPFB","","Fully Adjusted","","Direct Debit","QMSRHBSEC14REV-CA","RHB BANK BERHAD - REVENUE","","",""
10,"QMS-CR2821/17","JHR-K-JBH","PKD  Johor Bahru","Bank","2017-10-12","RM",4663.41,"Regular","QMSPFB","","Fully Adjusted","","Direct Debit","QMSRHBSEC14REV-CA","RHB BANK BERHAD - REVENUE","","",""
11,"QMS-CR2822/17","JHR-K-JBH","PKD  Johor Bahru","Bank","2017-10-12","RM",4663.41,"Regular","QMSPFB","","Fully Adjusted","","Direct Debit","QMSRHBSEC14REV-CA","RHB BANK BERHAD - REVENUE","","",""
12,"QMS-CR2924/17","JHR-K-JBH","PKD  Johor Bahru","Bank","2017-10-31","RM",6400.00,"Regular","QMSPFB","","Fully Adjusted","","Direct Debit","QMSRHBSEC14REV-CA","RHB BANK BERHAD - REVENUE","","",""
13,"QMS-CR2710/17","JHR-K-JBH","PKD  Johor Bahru","Bank","2017-10-10","RM",22608.03,"Regular","QMSPFB","","Fully Adjusted","","Direct Debit","QMSRHBSEC14REV-CA","RHB BANK BERHAD - REVENUE","","",""
14,"QMS-CR2852/17","JHR-K-JBH","PKD  Johor Bahru","Bank","2017-10-19","RM",29903.85,"Regular","QMSPFB","","Fully Adjusted","","Direct Debit","QMSRHBSEC14REV-CA","RHB BANK BERHAD - REVENUE","","",""
15,"QMS-CR2864/17","JHR-K-JBH","PKD  Johor Bahru","Bank","2017-10-24","RM",52511.83,"Regular","QMSPFB","","Fully Adjusted","","Direct Debit","QMSRHBSEC14REV-CA","RHB BANK BERHAD - REVENUE","","",""
16,"QMS-CR2926/17","JHR-K-JBH","PKD  Johor Bahru","Bank","2017-10-31","RM",63980.22,"Regular","QMSPFB","","Fully Adjusted","","Direct Debit","QMSRHBSEC14REV-CA","RHB BANK BERHAD - REVENUE","","",""
17,"QMS-CR2707/17","JHR-K-JBH","PKD  Johor Bahru","Bank","2017-10-10","RM",102240.00,"Regular","QMSPFB","","Fully Adjusted","","Direct Debit","QMSRHBSEC14REV-CA","RHB BANK BERHAD - REVENUE","","",""
18,"QMS-CR2708/17","JHR-K-JBH","PKD  Johor Bahru","Bank","2017-10-10","RM",136891.58,"Regular","QMSPFB","","Fully Adjusted","","Direct Debit","QMSRHBSEC14REV-CA","RHB BANK BERHAD - REVENUE","","",""
19,"QMS-CR2854/17","JHR-K-KLG","PKD  Kluang","Bank","2017-10-19","RM",21616.37,"Regular","QMSPFB","","Fully Adjusted","","Direct Debit","QMSRHBSEC14REV-CA","RHB BANK BERHAD - REVENUE","","",""
20,"QMS-CR2830/17","JHR-K-KLG","PKD  Kluang","Bank","2017-10-16","RM",43256.00,"Regular","QMSPFB","","Fully Adjusted","","Direct Debit","QMSRHBSEC14REV-CA","RHB BANK BERHAD - REVENUE","","",""
21,"QMS-CR2829/17","JHR-K-KLG","PKD  Kluang","Bank","2017-10-16","RM",53694.30,"Regular","QMSPFB","","Fully Adjusted","","Direct Debit","QMSRHBSEC14REV-CA","RHB BANK BERHAD - REVENUE","","",""
22,"QMS-CR2512/17","JHR-K-KTG","PKD  Kota Tinggi","Bank","2017-10-04","RM",11746.73,"Regular","QMSPFB","","Fully Adjusted","","Direct Debit","QMSRHBSEC14REV-CA","RHB BANK BERHAD - REVENUE","","",""
23,"QMS-CR2676/17","JHR-K-KTG","PKD  Kota Tinggi","Bank","2017-10-03","RM",45947.54,"Regular","QMSPFB","","Fully Adjusted","","Direct Debit","QMSRHBSEC14REV-CA","RHB BANK BERHAD - REVENUE","","",""
24,"QMS-CR2683/17","JHR-K-KUL","PKD  Kulai Jaya","Bank","2017-10-03","RM",8697.58,"Regular","QMSPFB","","Fully Adjusted","","Direct Debit","QMSRHBSEC14REV-CA","RHB BANK BERHAD - REVENUE","","",""
25,"QMS-CR2823/17","JHR-K-LDG","PKD  Ledang","Bank","2017-10-12","RM",3900.22,"Regular","QMSPFB","","Fully Adjusted","","Direct Debit","QMSRHBSEC14REV-CA","RHB BANK BERHAD - REVENUE","","",""
26,"QMS-CR2824/17","JHR-K-LDG","PKD  Ledang","Bank","2017-10-12","RM",3900.22,"Regular","QMSPFB","","Fully Adjusted","","Direct Debit","QMSRHBSEC14REV-CA","RHB BANK BERHAD - REVENUE","","",""
27,"QMS-CR2517/17","JHR-K-LDG","PKD  Ledang","Bank","2017-10-04","RM",8151.84,"Regular","QMSPFB","","Fully Adjusted","","Direct Debit","QMSRHBSEC14REV-CA","RHB BANK BERHAD - REVENUE","","",""
28,"QMS-CR2705/17","JHR-K-MSG","PKD  Mersing","Bank","2017-10-10","RM",4402.64,"Regular","QMSPFB","","Fully Adjusted","","Direct Debit","QMSRHBSEC14REV-CA","RHB BANK BERHAD - REVENUE","","",""
29,"QMS-CR2779/17","JHR-K-MSG","PKD  Mersing","Bank","2017-10-11","RM",4402.64,"Regular","QMSPFB","","Fully Adjusted","","Direct Debit","QMSRHBSEC14REV-CA","RHB BANK BERHAD - REVENUE","","",""
30,"QMS-CR2837/17","JHR-K-MSG","PKD  Mersing","Bank","2017-10-16","RM",4402.64,"Regular","QMSPFB","","Fully Adjusted","","Direct Debit","QMSRHBSEC14REV-CA","RHB BANK BERHAD - REVENUE","","",""
31,"QMS-CR2746/17","JHR-K-MSG","PKD  Mersing","Bank","2017-10-09","RM",8367.64,"Regular","QMSPFB","","Fully Adjusted","","Direct Debit","QMSRHBSEC14REV-CA","RHB BANK BERHAD - REVENUE","","",""
32,"QMS-CR2763/17","JHR-K-MSG","PKD  Mersing","Bank","2017-10-09","RM",11673.36,"Regular","QMSPFB","","Fully Adjusted","","Direct Debit","QMSRHBSEC14REV-CA","RHB BANK BERHAD - REVENUE","","",""
33,"QMS-CR2680/17","JHR-K-MUR","PKD  Muar","Bank","2017-10-03","RM",1478.00,"Regular","QMSPFB","","Fully Adjusted","","Direct Debit","QMSRHBSEC14REV-CA","RHB BANK BERHAD - REVENUE","","",""
34,"QMS-CR2681/17","JHR-K-MUR","PKD  Muar","Bank","2017-10-03","RM",1649.03,"Regular","QMSPFB","","Fully Adjusted","","Direct Debit","QMSRHBSEC14REV-CA","RHB BANK BERHAD - REVENUE","","",""
35,"QMS-CR2758/17","JHR-K-PON","PKD  Pontian","Bank","2017-10-09","RM",649.59,"Regular","QMSPFB","","Fully Adjusted","","Direct Debit","QMSRHBSEC14REV-CA","RHB BANK BERHAD - REVENUE","","",""
36,"QMS-CR2792/17","JHR-K-PON","PKD  Pontian","Bank","2017-10-11","RM",6059.29,"Regular","QMSPFB","","Fully Adjusted","","Direct Debit","QMSRHBSEC14REV-CA","RHB BANK BERHAD - REVENUE","","",""
37,"QMS-CR2793/17","JHR-K-PON","PKD  Pontian","Bank","2017-10-11","RM",9674.13,"Regular","QMSPFB","","Fully Adjusted","","Direct Debit","QMSRHBSEC14REV-CA","RHB BANK BERHAD - REVENUE","","",""
38,"QMS-CR2794/17","JHR-K-PON","PKD  Pontian","Bank","2017-10-11","RM",9674.13,"Regular","QMSPFB","","Fully Adjusted","","Direct Debit","QMSRHBSEC14REV-CA","RHB BANK BERHAD - REVENUE","","",""
39,"QMS-CR2795/17","JHR-K-PON","PKD  Pontian","Bank","2017-10-11","RM",9674.13,"Regular","QMSPFB","","Fully Adjusted","","Direct Debit","QMSRHBSEC14REV-CA","RHB BANK BERHAD - REVENUE","","",""
40,"QMS-CR2764/17","JHR-K-PON","PKD  Pontian","Bank","2017-10-09","RM",20322.52,"Regular","QMSPFB","","Fully Adjusted","","Direct Debit","QMSRHBSEC14REV-CA","RHB BANK BERHAD - REVENUE","","",""
41,"QMS-CR2765/17","JHR-K-PON","PKD  Pontian","Bank","2017-10-09","RM",20793.10,"Regular","QMSPFB","","Fully Adjusted","","Direct Debit","QMSRHBSEC14REV-CA","RHB BANK BERHAD - REVENUE","","",""
42,"QMS-CR2851/17","JHR-K-PON","PKD  Pontian","Bank","2017-10-19","RM",30072.20,"Regular","QMSPFB","","Fully Adjusted","","Direct Debit","QMSRHBSEC14REV-CA","RHB BANK BERHAD - REVENUE","","",""
43,"QMS-CR2928/17","JHR-K-SGT","PKD  Segamat","Bank","2017-10-31","RM",5269.65,"Regular","QMSPFB","","Fully Adjusted","","Direct Debit","QMSRHBSEC14REV-CA","RHB BANK BERHAD - REVENUE","","",""
44,"QMS-CR2927/17","JHR-K-SGT","PKD  Segamat","Bank","2017-10-31","RM",5611.88,"Regular","QMSPFB","","Fully Adjusted","","Direct Debit","QMSRHBSEC14REV-CA","RHB BANK BERHAD - REVENUE","","",""
45,"QMS-CR2923/17","JHR-K-SGT","PKD  Segamat","Bank","2017-10-31","RM",9594.00,"Regular","QMSPFB","","Fully Adjusted","","Direct Debit","QMSRHBSEC14REV-CA","RHB BANK BERHAD - REVENUE","","",""
46,"QMS-CR2931/17","JHR-K-SGT","PKD  Segamat","Bank","2017-10-31","RM",11069.79,"Regular","QMSPFB","","Fully Adjusted","","Direct Debit","QMSRHBSEC14REV-CA","RHB BANK BERHAD - REVENUE","","",""
47,"QMS-CR2932/17","JHR-K-SGT","PKD  Segamat","Bank","2017-10-31","RM",11069.79,"Regular","QMSPFB","","Fully Adjusted","","Direct Debit","QMSRHBSEC14REV-CA","RHB BANK BERHAD - REVENUE","","",""
48,"QMS-CR2933/17","JHR-K-SGT","PKD  Segamat","Bank","2017-10-31","RM",11069.79,"Regular","QMSPFB","","Fully Adjusted","","Direct Debit","QMSRHBSEC14REV-CA","RHB BANK BERHAD - REVENUE","","",""
49,"QMS-CR2935/17","JHR-K-SGT","PKD  Segamat","Bank","2017-10-31","RM",22248.29,"Regular","QMSPFB","","Fully Adjusted","","Direct Debit","QMSRHBSEC14REV-CA","RHB BANK BERHAD - REVENUE","","",""
50,"QMS-CR2922/17","JHR-K-SGT","PKD  Segamat","Bank","2017-10-31","RM",37662.86,"Regular","QMSPFB","","Fully Adjusted","","Direct Debit","QMSRHBSEC14REV-CA","RHB BANK BERHAD - REVENUE","","",""
51,"QMS-CR2757/17","JHR-P-BPH","PPD  Batu Pahat","Bank","2017-10-09","RM",112.85,"Regular","QMSPFB","","Fully Adjusted","","Direct Debit","QMSRHBSEC14REV-CA","RHB BANK BERHAD - REVENUE","","",""
52,"QMS-CR2901/17","JHR-P-BPH","PPD  Batu Pahat","Bank","2017-10-25","RM",112.85,"Regular","QMSPFB","","Fully Adjusted","","Direct Debit","QMSRHBSEC14REV-CA","RHB BANK BERHAD - REVENUE","","",""
53,"QMS-CR2900/17","JHR-P-BPH","PPD  Batu Pahat","Bank","2017-10-25","RM",1241.63,"Regular","QMSPFB","","Fully Adjusted","","Direct Debit","QMSRHBSEC14REV-CA","RHB BANK BERHAD - REVENUE","","",""
54,"QMS-CR2899/17","JHR-P-BPH","PPD  Batu Pahat","Bank","2017-10-25","RM",1241.65,"Regular","QMSPFB","","Fully Adjusted","","Direct Debit","QMSRHBSEC14REV-CA","RHB BANK BERHAD - REVENUE","","",""
55,"QMS-CR2889/17","JHR-P-BPH","PPD  Batu Pahat","Bank","2017-10-25","RM",6789.00,"Regular","QMSPFB","","Fully Adjusted","","Direct Debit","QMSRHBSEC14REV-CA","RHB BANK BERHAD - REVENUE","","",""
56,"QMS-CR2891/17","JHR-P-BPH","PPD  Batu Pahat","Bank","2017-10-25","RM",13250.00,"Regular","QMSPFB","","Fully Adjusted","","Direct Debit","QMSRHBSEC14REV-CA","RHB BANK BERHAD - REVENUE","","",""
57,"QMS-CR2892/17","JHR-P-BPH","PPD  Batu Pahat","Bank","2017-10-25","RM",13352.00,"Regular","QMSPFB","","Fully Adjusted","","Direct Debit","QMSRHBSEC14REV-CA","RHB BANK BERHAD - REVENUE","","",""
58,"QMS-CR2709/17","JHR-P-BPH","PPD  Batu Pahat","Bank","2017-10-10","RM",50060.71,"Regular","QMSPFB","","Fully Adjusted","","Direct Debit","QMSRHBSEC14REV-CA","RHB BANK BERHAD - REVENUE","","",""
59,"QMS-CR2678/17","JHR-P-KLG","PPD  Kluang","Bank","2017-10-03","RM",213.89,"Regular","QMSPFB","","Fully Adjusted","","Direct Debit","QMSRHBSEC14REV-CA","RHB BANK BERHAD - REVENUE","","",""
60,"QMS-CR2679/17","JHR-P-KLG","PPD  Kluang","Bank","2017-10-03","RM",213.89,"Regular","QMSPFB","","Fully Adjusted","","Direct Debit","QMSRHBSEC14REV-CA","RHB BANK BERHAD - REVENUE","","",""
61,"QMS-CR2890/17","JHR-P-KLG","PPD  Kluang","Bank","2017-10-25","RM",4829.36,"Regular","QMSPFB","","Fully Adjusted","","Direct Debit","QMSRHBSEC14REV-CA","RHB BANK BERHAD - REVENUE","","",""
62,"QMS-CR2834/17","JHR-P-KLG","PPD  Kluang","Bank","2017-10-16","RM",5630.60,"Regular","QMSPFB","","Fully Adjusted","","Direct Debit","QMSRHBSEC14REV-CA","RHB BANK BERHAD - REVENUE","","",""
63,"QMS-CR2835/17","JHR-P-KLG","PPD  Kluang","Bank","2017-10-16","RM",5630.60,"Regular","QMSPFB","","Fully Adjusted","","Direct Debit","QMSRHBSEC14REV-CA","RHB BANK BERHAD - REVENUE","","",""
64,"QMS-CR2836/17","JHR-P-KLG","PPD  Kluang","Bank","2017-10-16","RM",5630.60,"Regular","QMSPFB","","Fully Adjusted","","Direct Debit","QMSRHBSEC14REV-CA","RHB BANK BERHAD - REVENUE","","",""
65,"QMS-CR2675/17","JHR-P-KLG","PPD  Kluang","Bank","2017-10-03","RM",8000.00,"Regular","QMSPFB","","Fully Adjusted","","Direct Debit","QMSRHBSEC14REV-CA","RHB BANK BERHAD - REVENUE","","",""
66,"QMS-CR2827/17","JHR-P-KLG","PPD  Kluang","Bank","2017-10-16","RM",15860.00,"Regular","QMSPFB","","Fully Adjusted","","Direct Debit","QMSRHBSEC14REV-CA","RHB BANK BERHAD - REVENUE","","",""
67,"QMS-CR2828/17","JHR-P-KLG","PPD  Kluang","Bank","2017-10-16","RM",29404.40,"Regular","QMSPFB","","Fully Adjusted","","Direct Debit","QMSRHBSEC14REV-CA","RHB BANK BERHAD - REVENUE","","",""
68,"QMS-CR2843/17","JHR-P-KLG","PPD  Kluang","Bank","2017-10-16","RM",33168.16,"Regular","QMSPFB","","Fully Adjusted","","Direct Debit","QMSRHBSEC14REV-CA","RHB BANK BERHAD - REVENUE","","",""
69,"QMS-CR2691/17","JHR-P-KTG","PPD  Kota Tinggi","Bank","2017-10-05","RM",71.30,"Regular","QMSPFB","","Fully Adjusted","","Direct Debit","QMSRHBSEC14REV-CA","RHB BANK BERHAD - REVENUE","","",""
70,"QMS-CR2692/17","JHR-P-KTG","PPD  Kota Tinggi","Bank","2017-10-05","RM",71.30,"Regular","QMSPFB","","Fully Adjusted","","Direct Debit","QMSRHBSEC14REV-CA","RHB BANK BERHAD - REVENUE","","",""
71,"QMS-CR2693/17","JHR-P-KTG","PPD  Kota Tinggi","Bank","2017-10-05","RM",2647.10,"Regular","QMSPFB","","Fully Adjusted","","Direct Debit","QMSRHBSEC14REV-CA","RHB BANK BERHAD - REVENUE","","",""
72,"QMS-CR2694/17","JHR-P-KTG","PPD  Kota Tinggi","Bank","2017-10-05","RM",2647.10,"Regular","QMSPFB","","Fully Adjusted","","Direct Debit","QMSRHBSEC14REV-CA","RHB BANK BERHAD - REVENUE","","",""
73,"QMS-CR2695/17","JHR-P-KTG","PPD  Kota Tinggi","Bank","2017-10-05","RM",2647.10,"Regular","QMSPFB","","Fully Adjusted","","Direct Debit","QMSRHBSEC14REV-CA","RHB BANK BERHAD - REVENUE","","",""
74,"QMS-CR2687/17","JHR-P-KTG","PPD  Kota Tinggi","Bank","2017-10-05","RM",3800.00,"Regular","QMSPFB","","Fully Adjusted","","Direct Debit","QMSRHBSEC14REV-CA","RHB BANK BERHAD - REVENUE","","",""
75,"QMS-CR2688/17","JHR-P-KTG","PPD  Kota Tinggi","Bank","2017-10-05","RM",5300.00,"Regular","QMSPFB","","Fully Adjusted","","Direct Debit","QMSRHBSEC14REV-CA","RHB BANK BERHAD - REVENUE","","",""
76,"QMS-CR2685/17","JHR-P-KTG","PPD  Kota Tinggi","Bank","2017-10-05","RM",15004.63,"Regular","QMSPFB","","Fully Adjusted","","Direct Debit","QMSRHBSEC14REV-CA","RHB BANK BERHAD - REVENUE","","",""
77,"QMS-CR2682/17","JHR-P-KUL","PPD  Kulai Jaya","Bank","2017-10-03","RM",1052.13,"Regular","QMSPFB","","Fully Adjusted","","Direct Debit","QMSRHBSEC14REV-CA","RHB BANK BERHAD - REVENUE","","",""
78,"QMS-CR2535/17","JHR-P-KUL","PPD  Kulai Jaya","Bank","2017-10-04","RM",1052.13,"Regular","QMSPFB","","Fully Adjusted","","Direct Debit","QMSRHBSEC14REV-CA","RHB BANK BERHAD - REVENUE","","",""
79,"QMS-CR2684/17","JHR-P-KUL","PPD  Kulai Jaya","Bank","2017-10-03","RM",7580.42,"Regular","QMSPFB","","Fully Adjusted","","Direct Debit","QMSRHBSEC14REV-CA","RHB BANK BERHAD - REVENUE","","",""
80,"QMS-CR2847/17","JHR-P-LDG","PPD  Ledang","Bank","2017-10-17","RM",1594.81,"Regular","QMSPFB","","Fully Adjusted","","Direct Debit","QMSRHBSEC14REV-CA","RHB BANK BERHAD - REVENUE","","",""
81,"QMS-CR2848/17","JHR-P-LDG","PPD  Ledang","Bank","2017-10-17","RM",1841.96,"Regular","QMSPFB","","Fully Adjusted","","Direct Debit","QMSRHBSEC14REV-CA","RHB BANK BERHAD - REVENUE","","",""
82,"QMS-CR2849/17","JHR-P-LDG","PPD  Ledang","Bank","2017-10-17","RM",1841.96,"Regular","QMSPFB","","Fully Adjusted","","Direct Debit","QMSRHBSEC14REV-CA","RHB BANK BERHAD - REVENUE","","",""
83,"QMS-CR2846/17","JHR-P-LDG","PPD  Ledang","Bank","2017-10-17","RM",2851.40,"Regular","QMSPFB","","Fully Adjusted","","Direct Debit","QMSRHBSEC14REV-CA","RHB BANK BERHAD - REVENUE","","",""
84,"QMS-CR2845/17","JHR-P-LDG","PPD  Ledang","Bank","2017-10-17","RM",5380.00,"Regular","QMSPFB","","Fully Adjusted","","Direct Debit","QMSRHBSEC14REV-CA","RHB BANK BERHAD - REVENUE","","",""
85,"QMS-CR2850/17","JHR-P-LDG","PPD  Ledang","Bank","2017-10-17","RM",11517.77,"Regular","QMSPFB","","Fully Adjusted","","Direct Debit","QMSRHBSEC14REV-CA","RHB BANK BERHAD - REVENUE","","",""
86,"QMS-CR2530/17","JHR-P-MSG","PPD  Mersing","Bank","2017-10-04","RM",199.46,"Regular","QMSPFB","","Fully Adjusted","","Direct Debit","QMSRHBSEC14REV-CA","RHB BANK BERHAD - REVENUE","","",""
87,"QMS-CR2531/17","JHR-P-MSG","PPD  Mersing","Bank","2017-10-04","RM",199.46,"Regular","QMSPFB","","Fully Adjusted","","Direct Debit","QMSRHBSEC14REV-CA","RHB BANK BERHAD - REVENUE","","",""
88,"QMS-CR2532/17","JHR-P-MSG","PPD  Mersing","Bank","2017-10-04","RM",199.46,"Regular","QMSPFB","","Fully Adjusted","","Direct Debit","QMSRHBSEC14REV-CA","RHB BANK BERHAD - REVENUE","","",""
89,"QMS-CR2842/17","JHR-P-MSG","PPD  Mersing","Bank","2017-10-16","RM",7967.09,"Regular","QMSPFB","","Fully Adjusted","","Direct Debit","QMSRHBSEC14REV-CA","RHB BANK BERHAD - REVENUE","","",""
90,"QMS-CR2940/17","JHR-P-MSG","PPD  Mersing","Bank","2017-10-31","RM",7967.09,"Regular","QMSPFB","","Fully Adjusted","","Direct Debit","QMSRHBSEC14REV-CA","RHB BANK BERHAD - REVENUE","","",""
91,"QMS-CR2840/17","JHR-P-MSG","PPD  Mersing","Bank","2017-10-16","RM",8128.06,"Regular","QMSPFB","","Fully Adjusted","","Direct Debit","QMSRHBSEC14REV-CA","RHB BANK BERHAD - REVENUE","","",""
92,"QMS-CR2520/17","JHR-P-MSG","PPD  Mersing","Bank","2017-10-04","RM",8140.80,"Regular","QMSPFB","","Fully Adjusted","","Direct Debit","QMSRHBSEC14REV-CA","RHB BANK BERHAD - REVENUE","","",""
93,"QMS-CR2841/17","JHR-P-MSG","PPD  Mersing","Bank","2017-10-16","RM",8252.58,"Regular","QMSPFB","","Fully Adjusted","","Direct Debit","QMSRHBSEC14REV-CA","RHB BANK BERHAD - REVENUE","","",""
94,"QMS-CR2789/17","JHR-P-MUR","PPD  Muar","Bank","2017-10-11","RM",720.69,"Regular","QMSPFB","","Fully Adjusted","","Direct Debit","QMSRHBSEC14REV-CA","RHB BANK BERHAD - REVENUE","","",""
95,"QMS-CR2790/17","JHR-P-MUR","PPD  Muar","Bank","2017-10-11","RM",844.27,"Regular","QMSPFB","","Fully Adjusted","","Direct Debit","QMSRHBSEC14REV-CA","RHB BANK BERHAD - REVENUE","","",""
96,"QMS-CR2791/17","JHR-P-MUR","PPD  Muar","Bank","2017-10-11","RM",844.27,"Regular","QMSPFB","","Fully Adjusted","","Direct Debit","QMSRHBSEC14REV-CA","RHB BANK BERHAD - REVENUE","","",""
97,"QMS-CR2780/17","JHR-P-MUR","PPD  Muar","Bank","2017-10-11","RM",2650.00,"Regular","QMSPFB","","Fully Adjusted","","Direct Debit","QMSRHBSEC14REV-CA","RHB BANK BERHAD - REVENUE","","",""
98,"QMS-CR2788/17","JHR-P-MUR","PPD  Muar","Bank","2017-10-11","RM",26066.37,"Regular","QMSPFB","","Fully Adjusted","","Direct Debit","QMSRHBSEC14REV-CA","RHB BANK BERHAD - REVENUE","","",""
99,"QMS-CR2525/17","JHR-P-PON","PPD  Pontian","Bank","2017-10-04","RM",71.30,"Regular","QMSPFB","","Fully Adjusted","","Direct Debit","QMSRHBSEC14REV-CA","RHB BANK BERHAD - REVENUE","","",""
100,"QMS-CR2526/17","JHR-P-PON","PPD  Pontian","Bank","2017-10-04","RM",71.30,"Regular","QMSPFB","","Fully Adjusted","","Direct Debit","QMSRHBSEC14REV-CA","RHB BANK BERHAD - REVENUE","","",""
101,"QMS-CR2527/17","JHR-P-PON","PPD  Pontian","Bank","2017-10-04","RM",2298.84,"Regular","QMSPFB","","Fully Adjusted","","Direct Debit","QMSRHBSEC14REV-CA","RHB BANK BERHAD - REVENUE","","",""
102,"QMS-CR2528/17","JHR-P-PON","PPD  Pontian","Bank","2017-10-04","RM",2298.84,"Regular","QMSPFB","","Fully Adjusted","","Direct Debit","QMSRHBSEC14REV-CA","RHB BANK BERHAD - REVENUE","","",""
103,"QMS-CR2529/17","JHR-P-PON","PPD  Pontian","Bank","2017-10-04","RM",2298.84,"Regular","QMSPFB","","Fully Adjusted","","Direct Debit","QMSRHBSEC14REV-CA","RHB BANK BERHAD - REVENUE","","",""
104,"QMS-CR2865/17","JHR-P-PON","PPD  Pontian","Bank","2017-10-24","RM",3403.07,"Regular","QMSPFB","","Fully Adjusted","","Direct Debit","QMSRHBSEC14REV-CA","RHB BANK BERHAD - REVENUE","","",""
105,"QMS-CR2518/17","JHR-P-PON","PPD  Pontian","Bank","2017-10-04","RM",3800.00,"Regular","QMSPFB","","Fully Adjusted","","Direct Debit","QMSRHBSEC14REV-CA","RHB BANK BERHAD - REVENUE","","",""
106,"QMS-CR2519/17","JHR-P-PON","PPD  Pontian","Bank","2017-10-04","RM",10600.00,"Regular","QMSPFB","","Fully Adjusted","","Direct Debit","QMSRHBSEC14REV-CA","RHB BANK BERHAD - REVENUE","","",""
107,"QMS-CR2861/17","JHR-P-PON","PPD  Pontian","Bank","2017-10-24","RM",19547.93,"Regular","QMSPFB","","Fully Adjusted","","Direct Debit","QMSRHBSEC14REV-CA","RHB BANK BERHAD - REVENUE","","",""
108,"QMS-CR2516/17","JHR-P-PON","PPD  Pontian","Bank","2017-10-04","RM",19997.12,"Regular","QMSPFB","","Fully Adjusted","","Direct Debit","QMSRHBSEC14REV-CA","RHB BANK BERHAD - REVENUE","","",""
109,"QMS-CR2756/17","JHR-P-SGT","PPD  Segamat","Bank","2017-10-09","RM",645.10,"Regular","QMSPFB","","Fully Adjusted","","Direct Debit","QMSRHBSEC14REV-CA","RHB BANK BERHAD - REVENUE","","",""
110,"QMS-CR2751/17","JHR-P-SGT","PPD  Segamat","Bank","2017-10-09","RM",757.93,"Regular","QMSPFB","","Fully Adjusted","","Direct Debit","QMSRHBSEC14REV-CA","RHB BANK BERHAD - REVENUE","","",""
111,"QMS-CR2753/17","JHR-P-SGT","PPD  Segamat","Bank","2017-10-09","RM",2171.15,"Regular","QMSPFB","","Fully Adjusted","","Direct Debit","QMSRHBSEC14REV-CA","RHB BANK BERHAD - REVENUE","","",""
112,"QMS-CR2754/17","JHR-P-SGT","PPD  Segamat","Bank","2017-10-09","RM",2171.15,"Regular","QMSPFB","","Fully Adjusted","","Direct Debit","QMSRHBSEC14REV-CA","RHB BANK BERHAD - REVENUE","","",""
113,"QMS-CR2755/17","JHR-P-SGT","PPD  Segamat","Bank","2017-10-09","RM",2171.15,"Regular","QMSPFB","","Fully Adjusted","","Direct Debit","QMSRHBSEC14REV-CA","RHB BANK BERHAD - REVENUE","","",""
114,"QMS-CR2747/17","JHR-P-SGT","PPD  Segamat","Bank","2017-10-09","RM",5300.00,"Regular","QMSPFB","","Fully Adjusted","","Direct Debit","QMSRHBSEC14REV-CA","RHB BANK BERHAD - REVENUE","","",""
115,"QMS-CR2748/17","JHR-P-SGT","PPD  Segamat","Bank","2017-10-09","RM",14180.00,"Regular","QMSPFB","","Fully Adjusted","","Direct Debit","QMSRHBSEC14REV-CA","RHB BANK BERHAD - REVENUE","","",""
116,"QMS-CR2515/17","JHR-P-SGT","PPD  Segamat","Bank","2017-10-04","RM",30251.33,"Regular","QMSPFB","","Fully Adjusted","","Direct Debit","QMSRHBSEC14REV-CA","RHB BANK BERHAD - REVENUE","","",""
117,"QMS-CR2762/17","JHR-P-SGT","PPD  Segamat","Bank","2017-10-09","RM",30251.33,"Regular","QMSPFB","","Fully Adjusted","","Direct Debit","QMSRHBSEC14REV-CA","RHB BANK BERHAD - REVENUE","","",""
118,"QMS-CR2513/17","JHR-P-SGT","PPD  Segamat","Bank","2017-10-04","RM",30714.75,"Regular","QMSPFB","","Fully Adjusted","","Direct Debit","QMSRHBSEC14REV-CA","RHB BANK BERHAD - REVENUE","","",""
119,"QMS-CR2752/17","MLK-K-AGH","PKD  Alor Gajah","Bank","2017-10-09","RM",9616.55,"Regular","QMSPFB","","Fully Adjusted","","Direct Debit","QMSRHBSEC14REV-CA","RHB BANK BERHAD - REVENUE","","",""
120,"QMS-CR2844/17","MLK-K-AGH","PKD  Alor Gajah","Bank","2017-10-17","RM",9616.55,"Regular","QMSPFB","","Fully Adjusted","","Direct Debit","QMSRHBSEC14REV-CA","RHB BANK BERHAD - REVENUE","","",""
121,"QMS-CR2761/17","MLK-K-AGH","PKD  Alor Gajah","Bank","2017-10-09","RM",20828.97,"Regular","QMSPFB","","Fully Adjusted","","Direct Debit","QMSRHBSEC14REV-CA","RHB BANK BERHAD - REVENUE","","",""
122,"QMS-CR2831/17","MLK-K-JSN","PKD  Jasin","Bank","2017-10-16","RM",10828.68,"Regular","QMSPFB","","Fully Adjusted","","Direct Debit","QMSRHBSEC14REV-CA","RHB BANK BERHAD - REVENUE","","",""
123,"QMS-CR2826/17","MLK-K-JSN","PKD  Jasin","Bank","2017-10-12","RM",29546.75,"Regular","QMSPFB","","Fully Adjusted","","Direct Debit","QMSRHBSEC14REV-CA","RHB BANK BERHAD - REVENUE","","",""
124,"QMS-CR2689/17","MLK-K-MTH","PKD  Melaka Tengah","Bank","2017-10-05","RM",24379.64,"Regular","QMSPFB","","Fully Adjusted","","Direct Debit","QMSRHBSEC14REV-CA","RHB BANK BERHAD - REVENUE","","",""
125,"QMS-CR2750/17","MLK-K-MTH","PKD  Melaka Tengah","Bank","2017-10-09","RM",24379.64,"Regular","QMSPFB","","Fully Adjusted","","Direct Debit","QMSRHBSEC14REV-CA","RHB BANK BERHAD - REVENUE","","",""
126,"QMS-CR2796/17","MLK-K-MTH","PKD  Melaka Tengah","Bank","2017-10-11","RM",36235.77,"Regular","QMSPFB","","Fully Adjusted","","Direct Debit","QMSRHBSEC14REV-CA","RHB BANK BERHAD - REVENUE","","",""
127,"QMS-CR2522/17","MLK-P-AGH","PPD  Alor Gajah","Bank","2017-10-04","RM",119.10,"Regular","QMSPFB","","Fully Adjusted","","Direct Debit","QMSRHBSEC14REV-CA","RHB BANK BERHAD - REVENUE","","",""
128,"QMS-CR2879/17","MLK-P-AGH","PPD  Alor Gajah","Bank","2017-10-26","RM",941.91,"Regular","QMSPFB","","Fully Adjusted","","Direct Debit","QMSRHBSEC14REV-CA","RHB BANK BERHAD - REVENUE","","",""
129,"QMS-CR2930/17","MLK-P-AGH","PPD  Alor Gajah","Bank","2017-10-31","RM",941.91,"Regular","QMSPFB","","Fully Adjusted","","Direct Debit","QMSRHBSEC14REV-CA","RHB BANK BERHAD - REVENUE","","",""
130,"QMS-CR2862/17","MLK-P-AGH","PPD  Alor Gajah","Bank","2017-10-24","RM",18747.35,"Regular","QMSPFB","","Fully Adjusted","","Direct Debit","QMSRHBSEC14REV-CA","RHB BANK BERHAD - REVENUE","","",""
131,"QMS-CR2918/17","MLK-P-AGH","PPD  Alor Gajah","Bank","2017-10-30","RM",18747.35,"Regular","QMSPFB","","Fully Adjusted","","Direct Debit","QMSRHBSEC14REV-CA","RHB BANK BERHAD - REVENUE","","",""
132,"QMS-CR2853/17","MLK-P-MTH","PPD  Melaka Tengah","Bank","2017-10-19","RM",4805.67,"Regular","QMSPFB","","Fully Adjusted","","Direct Debit","QMSRHBSEC14REV-CA","RHB BANK BERHAD - REVENUE","","",""
133,"QMS-CR2856/17","MLK-P-MTH","PPD  Melaka Tengah","Bank","2017-10-20","RM",69619.52,"Regular","QMSPFB","","Fully Adjusted","","Direct Debit","QMSRHBSEC14REV-CA","RHB BANK BERHAD - REVENUE","","",""
134,"QMS-CR2704/17","NSB-K-JLB","PKD  Jelebu","Bank","2017-10-05","RM",2124.56,"Regular","QMSPFB","","Fully Adjusted","","Direct Debit","QMSRHBSEC14REV-CA","RHB BANK BERHAD - REVENUE","","",""
135,"QMS-CR2718/17","NSB-K-JLB","PKD  Jelebu","Bank","2017-10-10","RM",3505.40,"Regular","QMSPFB","","Fully Adjusted","","Direct Debit","QMSRHBSEC14REV-CA","RHB BANK BERHAD - REVENUE","","",""
136,"QMS-CR2725/17","NSB-K-JLB","PKD  Jelebu","Bank","2017-10-10","RM",3505.40,"Regular","QMSPFB","","Fully Adjusted","","Direct Debit","QMSRHBSEC14REV-CA","RHB BANK BERHAD - REVENUE","","",""
137,"QMS-CR2711/17","NSB-K-JLB","PKD  Jelebu","Bank","2017-10-10","RM",18683.56,"Regular","QMSPFB","","Fully Adjusted","","Direct Debit","QMSRHBSEC14REV-CA","RHB BANK BERHAD - REVENUE","","",""
138,"QMS-CR2698/17","NSB-K-JPL","PKD  Jempol","Bank","2017-10-05","RM",1001.22,"Regular","QMSPFB","","Fully Adjusted","","Direct Debit","QMSRHBSEC14REV-CA","RHB BANK BERHAD - REVENUE","","",""
139,"QMS-CR2880/17","NSB-K-JPL","PKD  Jempol","Bank","2017-10-26","RM",2872.58,"Regular","QMSPFB","","Fully Adjusted","","Direct Debit","QMSRHBSEC14REV-CA","RHB BANK BERHAD - REVENUE","","",""
140,"QMS-CR2719/17","NSB-K-JPL","PKD  Jempol","Bank","2017-10-10","RM",6859.25,"Regular","QMSPFB","","Fully Adjusted","","Direct Debit","QMSRHBSEC14REV-CA","RHB BANK BERHAD - REVENUE","","",""
141,"QMS-CR2726/17","NSB-K-JPL","PKD  Jempol","Bank","2017-10-10","RM",6859.25,"Regular","QMSPFB","","Fully Adjusted","","Direct Debit","QMSRHBSEC14REV-CA","RHB BANK BERHAD - REVENUE","","",""
142,"QMS-CR2712/17","NSB-K-JPL","PKD  Jempol","Bank","2017-10-10","RM",12783.60,"Regular","QMSPFB","","Fully Adjusted","","Direct Debit","QMSRHBSEC14REV-CA","RHB BANK BERHAD - REVENUE","","",""
143,"QMS-CR2882/17","NSB-K-JPL","PKD  Jempol","Bank","2017-10-26","RM",20585.30,"Regular","QMSPFB","","Fully Adjusted","","Direct Debit","QMSRHBSEC14REV-CA","RHB BANK BERHAD - REVENUE","","",""
144,"QMS-CR2768/17","NSB-K-JPL","PKD  Jempol","Bank","2017-10-09","RM",47342.00,"Regular","QMSPFB","","Fully Adjusted","","Direct Debit","QMSRHBSEC14REV-CA","RHB BANK BERHAD - REVENUE","","",""
145,"QMS-CR2703/17","NSB-K-KPH","PKD  Kuala Pilah","Bank","2017-10-05","RM",1948.76,"Regular","QMSPFB","","Fully Adjusted","","Direct Debit","QMSRHBSEC14REV-CA","RHB BANK BERHAD - REVENUE","","",""
146,"QMS-CR2773/17","NSB-K-KPH","PKD  Kuala Pilah","Bank","2017-10-09","RM",2389.00,"Regular","QMSPFB","","Fully Adjusted","","Direct Debit","QMSRHBSEC14REV-CA","RHB BANK BERHAD - REVENUE","","",""
147,"QMS-CR2720/17","NSB-K-KPH","PKD  Kuala Pilah","Bank","2017-10-10","RM",6471.94,"Regular","QMSPFB","","Fully Adjusted","","Direct Debit","QMSRHBSEC14REV-CA","RHB BANK BERHAD - REVENUE","","",""
148,"QMS-CR2727/17","NSB-K-KPH","PKD  Kuala Pilah","Bank","2017-10-10","RM",6471.94,"Regular","QMSPFB","","Fully Adjusted","","Direct Debit","QMSRHBSEC14REV-CA","RHB BANK BERHAD - REVENUE","","",""
149,"QMS-CR2713/17","NSB-K-KPH","PKD  Kuala Pilah","Bank","2017-10-10","RM",9995.80,"Regular","QMSPFB","","Fully Adjusted","","Direct Debit","QMSRHBSEC14REV-CA","RHB BANK BERHAD - REVENUE","","",""
150,"QMS-CR2883/17","NSB-K-KPH","PKD  Kuala Pilah","Bank","2017-10-26","RM",23322.54,"Regular","QMSPFB","","Fully Adjusted","","Direct Debit","QMSRHBSEC14REV-CA","RHB BANK BERHAD - REVENUE","","",""
151,"QMS-CR2699/17","NSB-K-PDN","PKD  Port Dickson","Bank","2017-10-05","RM",554.84,"Regular","QMSPFB","","Fully Adjusted","","Direct Debit","QMSRHBSEC14REV-CA","RHB BANK BERHAD - REVENUE","","",""
152,"QMS-CR2721/17","NSB-K-PDN","PKD  Port Dickson","Bank","2017-10-10","RM",5768.74,"Regular","QMSPFB","","Fully Adjusted","","Direct Debit","QMSRHBSEC14REV-CA","RHB BANK BERHAD - REVENUE","","",""
153,"QMS-CR2728/17","NSB-K-PDN","PKD  Port Dickson","Bank","2017-10-10","RM",5768.74,"Regular","QMSPFB","","Fully Adjusted","","Direct Debit","QMSRHBSEC14REV-CA","RHB BANK BERHAD - REVENUE","","",""
154,"QMS-CR2769/17","NSB-K-PDN","PKD  Port Dickson","Bank","2017-10-09","RM",12700.00,"Regular","QMSPFB","","Fully Adjusted","","Direct Debit","QMSRHBSEC14REV-CA","RHB BANK BERHAD - REVENUE","","",""
155,"QMS-CR2884/17","NSB-K-PDN","PKD  Port Dickson","Bank","2017-10-26","RM",15381.26,"Regular","QMSPFB","","Fully Adjusted","","Direct Debit","QMSRHBSEC14REV-CA","RHB BANK BERHAD - REVENUE","","",""
156,"QMS-CR2714/17","NSB-K-PDN","PKD  Port Dickson","Bank","2017-10-10","RM",18034.84,"Regular","QMSPFB","","Fully Adjusted","","Direct Debit","QMSRHBSEC14REV-CA","RHB BANK BERHAD - REVENUE","","",""
157,"QMS-CR2702/17","NSB-K-RBU","PKD  Rembau","Bank","2017-10-05","RM",394.52,"Regular","QMSPFB","","Fully Adjusted","","Direct Debit","QMSRHBSEC14REV-CA","RHB BANK BERHAD - REVENUE","","",""
158,"QMS-CR2772/17","NSB-K-RBU","PKD  Rembau","Bank","2017-10-09","RM",5200.00,"Regular","QMSPFB","","Fully Adjusted","","Direct Debit","QMSRHBSEC14REV-CA","RHB BANK BERHAD - REVENUE","","",""
159,"QMS-CR2722/17","NSB-K-RBU","PKD  Rembau","Bank","2017-10-10","RM",5239.89,"Regular","QMSPFB","","Fully Adjusted","","Direct Debit","QMSRHBSEC14REV-CA","RHB BANK BERHAD - REVENUE","","",""
160,"QMS-CR2729/17","NSB-K-RBU","PKD  Rembau","Bank","2017-10-10","RM",5239.89,"Regular","QMSPFB","","Fully Adjusted","","Direct Debit","QMSRHBSEC14REV-CA","RHB BANK BERHAD - REVENUE","","",""
161,"QMS-CR2885/17","NSB-K-RBU","PKD  Rembau","Bank","2017-10-26","RM",6675.06,"Regular","QMSPFB","","Fully Adjusted","","Direct Debit","QMSRHBSEC14REV-CA","RHB BANK BERHAD - REVENUE","","",""
162,"QMS-CR2715/17","NSB-K-RBU","PKD  Rembau","Bank","2017-10-10","RM",19853.80,"Regular","QMSPFB","","Fully Adjusted","","Direct Debit","QMSRHBSEC14REV-CA","RHB BANK BERHAD - REVENUE","","",""
163,"QMS-CR2700/17","NSB-K-SBN","PKD  Seremban","Bank","2017-10-05","RM",12350.05,"Regular","QMSPFB","","Fully Adjusted","","Direct Debit","QMSRHBSEC14REV-CA","RHB BANK BERHAD - REVENUE","","",""
164,"QMS-CR2723/17","NSB-K-SBN","PKD  Seremban","Bank","2017-10-10","RM",33060.66,"Regular","QMSPFB","","Fully Adjusted","","Direct Debit","QMSRHBSEC14REV-CA","RHB BANK BERHAD - REVENUE","","",""
165,"QMS-CR2730/17","NSB-K-SBN","PKD  Seremban","Bank","2017-10-10","RM",33060.66,"Regular","QMSPFB","","Fully Adjusted","","Direct Debit","QMSRHBSEC14REV-CA","RHB BANK BERHAD - REVENUE","","",""
166,"QMS-CR2886/17","NSB-K-SBN","PKD  Seremban","Bank","2017-10-26","RM",43564.97,"Regular","QMSPFB","","Fully Adjusted","","Direct Debit","QMSRHBSEC14REV-CA","RHB BANK BERHAD - REVENUE","","",""
167,"QMS-CR2716/17","NSB-K-SBN","PKD  Seremban","Bank","2017-10-10","RM",62232.60,"Regular","QMSPFB","","Fully Adjusted","","Direct Debit","QMSRHBSEC14REV-CA","RHB BANK BERHAD - REVENUE","","",""
168,"QMS-CR2770/17","NSB-K-SBN","PKD  Seremban","Bank","2017-10-09","RM",103146.00,"Regular","QMSPFB","","Fully Adjusted","","Direct Debit","QMSRHBSEC14REV-CA","RHB BANK BERHAD - REVENUE","","",""
169,"QMS-CR2701/17","NSB-K-TPN","PKD  Tampin","Bank","2017-10-05","RM",1044.10,"Regular","QMSPFB","","Fully Adjusted","","Direct Debit","QMSRHBSEC14REV-CA","RHB BANK BERHAD - REVENUE","","",""
170,"QMS-CR2771/17","NSB-K-TPN","PKD  Tampin","Bank","2017-10-09","RM",3200.00,"Regular","QMSPFB","","Fully Adjusted","","Direct Debit","QMSRHBSEC14REV-CA","RHB BANK BERHAD - REVENUE","","",""
171,"QMS-CR2724/17","NSB-K-TPN","PKD  Tampin","Bank","2017-10-10","RM",11790.23,"Regular","QMSPFB","","Fully Adjusted","","Direct Debit","QMSRHBSEC14REV-CA","RHB BANK BERHAD - REVENUE","","",""
172,"QMS-CR2731/17","NSB-K-TPN","PKD  Tampin","Bank","2017-10-10","RM",11790.23,"Regular","QMSPFB","","Fully Adjusted","","Direct Debit","QMSRHBSEC14REV-CA","RHB BANK BERHAD - REVENUE","","",""
173,"QMS-CR2887/17","NSB-K-TPN","PKD  Tampin","Bank","2017-10-26","RM",19477.29,"Regular","QMSPFB","","Fully Adjusted","","Direct Debit","QMSRHBSEC14REV-CA","RHB BANK BERHAD - REVENUE","","",""
174,"QMS-CR2717/17","NSB-K-TPN","PKD  Tampin","Bank","2017-10-10","RM",58984.76,"Regular","QMSPFB","","Fully Adjusted","","Direct Debit","QMSRHBSEC14REV-CA","RHB BANK BERHAD - REVENUE","","",""
175,"QMS-CR2732/17","NSB-P-JLB","PPD  Jelebu","Bank","2017-10-09","RM",1473.74,"Regular","QMSPFB","","Fully Adjusted","","Direct Debit","QMSRHBSEC14REV-CA","RHB BANK BERHAD - REVENUE","","",""
176,"QMS-CR2740/17","NSB-P-JLB","PPD  Jelebu","Bank","2017-10-09","RM",1473.74,"Regular","QMSPFB","","Fully Adjusted","","Direct Debit","QMSRHBSEC14REV-CA","RHB BANK BERHAD - REVENUE","","",""
177,"QMS-CR2782/17","NSB-P-JLB","PPD  Jelebu","Bank","2017-10-11","RM",8416.40,"Regular","QMSPFB","","Fully Adjusted","","Direct Debit","QMSRHBSEC14REV-CA","RHB BANK BERHAD - REVENUE","","",""
178,"QMS-CR2506/17","NSB-P-JLB","PPD  Jelebu","Bank","2017-10-04","RM",13672.81,"Regular","QMSPFB","","Fully Adjusted","","Direct Debit","QMSRHBSEC14REV-CA","RHB BANK BERHAD - REVENUE","","",""
179,"QMS-CR2867/17","NSB-P-JLB","PPD  Jelebu","Bank","2017-10-27","RM",13672.81,"Regular","QMSPFB","","Fully Adjusted","","Direct Debit","QMSRHBSEC14REV-CA","RHB BANK BERHAD - REVENUE","","",""
180,"QMS-CR2881/17","NSB-P-JLB","PPD  Jelebu","Bank","2017-10-26","RM",14189.12,"Regular","QMSPFB","","Fully Adjusted","","Direct Debit","QMSRHBSEC14REV-CA","RHB BANK BERHAD - REVENUE","","",""
181,"QMS-CR2733/17","NSB-P-JPL","PPD  Jempol","Bank","2017-10-09","RM",4969.85,"Regular","QMSPFB","","Fully Adjusted","","Direct Debit","QMSRHBSEC14REV-CA","RHB BANK BERHAD - REVENUE","","",""
182,"QMS-CR2741/17","NSB-P-JPL","PPD  Jempol","Bank","2017-10-09","RM",4969.85,"Regular","QMSPFB","","Fully Adjusted","","Direct Debit","QMSRHBSEC14REV-CA","RHB BANK BERHAD - REVENUE","","",""
183,"QMS-CR2783/17","NSB-P-JPL","PPD  Jempol","Bank","2017-10-11","RM",5427.20,"Regular","QMSPFB","","Fully Adjusted","","Direct Debit","QMSRHBSEC14REV-CA","RHB BANK BERHAD - REVENUE","","",""
184,"QMS-CR2868/17","NSB-P-JPL","PPD  Jempol","Bank","2017-10-27","RM",20818.66,"Regular","QMSPFB","","Fully Adjusted","","Direct Debit","QMSRHBSEC14REV-CA","RHB BANK BERHAD - REVENUE","","",""
185,"QMS-CR2766/17","NSB-P-JPL","PPD  Jempol","Bank","2017-10-09","RM",20818.67,"Regular","QMSPFB","","Fully Adjusted","","Direct Debit","QMSRHBSEC14REV-CA","RHB BANK BERHAD - REVENUE","","",""
186,"QMS-CR2734/17","NSB-P-KPH","PPD  Kuala Pilah","Bank","2017-10-09","RM",2276.83,"Regular","QMSPFB","","Fully Adjusted","","Direct Debit","QMSRHBSEC14REV-CA","RHB BANK BERHAD - REVENUE","","",""
187,"QMS-CR2742/17","NSB-P-KPH","PPD  Kuala Pilah","Bank","2017-10-09","RM",2276.83,"Regular","QMSPFB","","Fully Adjusted","","Direct Debit","QMSRHBSEC14REV-CA","RHB BANK BERHAD - REVENUE","","",""
188,"QMS-CR2784/17","NSB-P-KPH","PPD  Kuala Pilah","Bank","2017-10-11","RM",10585.16,"Regular","QMSPFB","","Fully Adjusted","","Direct Debit","QMSRHBSEC14REV-CA","RHB BANK BERHAD - REVENUE","","",""
189,"QMS-CR2869/17","NSB-P-KPH","PPD  Kuala Pilah","Bank","2017-10-27","RM",26065.32,"Regular","QMSPFB","","Fully Adjusted","","Direct Debit","QMSRHBSEC14REV-CA","RHB BANK BERHAD - REVENUE","","",""
190,"QMS-CR2508/17","NSB-P-KPH","PPD  Kuala Pilah","Bank","2017-10-04","RM",26230.98,"Regular","QMSPFB","","Fully Adjusted","","Direct Debit","QMSRHBSEC14REV-CA","RHB BANK BERHAD - REVENUE","","",""
191,"QMS-CR2735/17","NSB-P-PDN","PPD  Port Dickson","Bank","2017-10-09","RM",3479.58,"Regular","QMSPFB","","Fully Adjusted","","Direct Debit","QMSRHBSEC14REV-CA","RHB BANK BERHAD - REVENUE","","",""
192,"QMS-CR2743/17","NSB-P-PDN","PPD  Port Dickson","Bank","2017-10-09","RM",3479.58,"Regular","QMSPFB","","Fully Adjusted","","Direct Debit","QMSRHBSEC14REV-CA","RHB BANK BERHAD - REVENUE","","",""
193,"QMS-CR2785/17","NSB-P-PDN","PPD  Port Dickson","Bank","2017-10-11","RM",13695.20,"Regular","QMSPFB","","Fully Adjusted","","Direct Debit","QMSRHBSEC14REV-CA","RHB BANK BERHAD - REVENUE","","",""
194,"QMS-CR2509/17","NSB-P-PDN","PPD  Port Dickson","Bank","2017-10-04","RM",26710.10,"Regular","QMSPFB","","Fully Adjusted","","Direct Debit","QMSRHBSEC14REV-CA","RHB BANK BERHAD - REVENUE","","",""
195,"QMS-CR2870/17","NSB-P-PDN","PPD  Port Dickson","Bank","2017-10-27","RM",26710.10,"Regular","QMSPFB","","Fully Adjusted","","Direct Debit","QMSRHBSEC14REV-CA","RHB BANK BERHAD - REVENUE","","",""
196,"QMS-CR2697/17","NSB-P-RBU","PPD  Rembau","Bank","2017-10-05","RM",142.60,"Regular","QMSPFB","","Fully Adjusted","","Direct Debit","QMSRHBSEC14REV-CA","RHB BANK BERHAD - REVENUE","","",""
197,"QMS-CR2736/17","NSB-P-RBU","PPD  Rembau","Bank","2017-10-09","RM",4422.44,"Regular","QMSPFB","","Fully Adjusted","","Direct Debit","QMSRHBSEC14REV-CA","RHB BANK BERHAD - REVENUE","","",""
198,"QMS-CR2744/17","NSB-P-RBU","PPD  Rembau","Bank","2017-10-09","RM",4422.44,"Regular","QMSPFB","","Fully Adjusted","","Direct Debit","QMSRHBSEC14REV-CA","RHB BANK BERHAD - REVENUE","","",""
199,"QMS-CR2786/17","NSB-P-RBU","PPD  Rembau","Bank","2017-10-11","RM",6694.96,"Regular","QMSPFB","","Fully Adjusted","","Direct Debit","QMSRHBSEC14REV-CA","RHB BANK BERHAD - REVENUE","","",""
200,"QMS-CR2510/17","NSB-P-RBU","PPD  Rembau","Bank","2017-10-04","RM",14266.79,"Regular","QMSPFB","","Fully Adjusted","","Direct Debit","QMSRHBSEC14REV-CA","RHB BANK BERHAD - REVENUE","","",""
201,"QMS-CR2871/17","NSB-P-RBU","PPD  Rembau","Bank","2017-10-27","RM",14266.79,"Regular","QMSPFB","","Fully Adjusted","","Direct Debit","QMSRHBSEC14REV-CA","RHB BANK BERHAD - REVENUE","","",""
202,"QMS-CR2696/17","NSB-P-SBN","PPD  Seremban","Bank","2017-10-05","RM",464.26,"Regular","QMSPFB","","Fully Adjusted","","Direct Debit","QMSRHBSEC14REV-CA","RHB BANK BERHAD - REVENUE","","",""
203,"QMS-CR2787/17","NSB-P-SBN","PPD  Seremban","Bank","2017-10-11","RM",5702.80,"Regular","QMSPFB","","Fully Adjusted","","Direct Debit","QMSRHBSEC14REV-CA","RHB BANK BERHAD - REVENUE","","",""
204,"QMS-CR2686/17","NSB-P-SBN","PPD  Seremban","Bank","2017-10-05","RM",10374.00,"Regular","QMSPFB","","Fully Adjusted","","Direct Debit","QMSRHBSEC14REV-CA","RHB BANK BERHAD - REVENUE","","",""
205,"QMS-CR2737/17","NSB-P-SBN","PPD  Seremban","Bank","2017-10-09","RM",13220.67,"Regular","QMSPFB","","Fully Adjusted","","Direct Debit","QMSRHBSEC14REV-CA","RHB BANK BERHAD - REVENUE","","",""
206,"QMS-CR2745/17","NSB-P-SBN","PPD  Seremban","Bank","2017-10-09","RM",13220.67,"Regular","QMSPFB","","Fully Adjusted","","Direct Debit","QMSRHBSEC14REV-CA","RHB BANK BERHAD - REVENUE","","",""
207,"QMS-CR2511/17","NSB-P-SBN","PPD  Seremban","Bank","2017-10-04","RM",61953.21,"Regular","QMSPFB","","Fully Adjusted","","Direct Debit","QMSRHBSEC14REV-CA","RHB BANK BERHAD - REVENUE","","",""
208,"QMS-CR2872/17","NSB-P-SBN","PPD  Seremban","Bank","2017-10-27","RM",61953.21,"Regular","QMSPFB","","Fully Adjusted","","Direct Debit","QMSRHBSEC14REV-CA","RHB BANK BERHAD - REVENUE","","",""
209,"QMS-CR2738/17","NSB-P-TPN","PPD  Tampin","Bank","2017-10-09","RM",12054.51,"Regular","QMSPFB","","Fully Adjusted","","Direct Debit","QMSRHBSEC14REV-CA","RHB BANK BERHAD - REVENUE","","",""
210,"QMS-CR2739/17","NSB-P-TPN","PPD  Tampin","Bank","2017-10-09","RM",12054.51,"Regular","QMSPFB","","Fully Adjusted","","Direct Debit","QMSRHBSEC14REV-CA","RHB BANK BERHAD - REVENUE","","",""
211,"QMS-CR2490/17","NSB-P-TPN","PPD  Tampin","Bank","2017-10-06","RM",15428.00,"Regular","QMSPFB","","Fully Adjusted","","Direct Debit","QMSRHBSEC14REV-CA","RHB BANK BERHAD - REVENUE","","",""
212,"QMS-CR2767/17","NSB-P-TPN","PPD  Tampin","Bank","2017-10-09","RM",30498.78,"Regular","QMSPFB","","Fully Adjusted","","Direct Debit","QMSRHBSEC14REV-CA","RHB BANK BERHAD - REVENUE","","",""
213,"QMS-CR2873/17","NSB-P-TPN","PPD  Tampin","Bank","2017-10-27","RM",30498.79,"Regular","QMSPFB","","Fully Adjusted","","Direct Debit","QMSRHBSEC14REV-CA","RHB BANK BERHAD - REVENUE","","",""
214,"QMS-CR2781/17","NSB-P-TPN","PPD  Tampin","Bank","2017-10-11","RM",39815.72,"Regular","QMSPFB","","Fully Adjusted","","Direct Debit","QMSRHBSEC14REV-CA","RHB BANK BERHAD - REVENUE","","",""
215,"QMS-CR3429/17","PNG-K-BDA","PKD  Barat Daya","Bank","2017-10-16","RM",4626.96,"Regular","QMSPFB","","Fresh","","Direct Debit","QMSRHBSEC14REV-CA","RHB BANK BERHAD - REVENUE","","",""
216,"QMS-CR3619/17","PNG-K-BDA","PKD  Barat Daya","Bank","2017-10-16","RM",10032.90,"Regular","QMSPFB","","Fresh","","Direct Debit","QMSRHBSEC14REV-CA","RHB BANK BERHAD - REVENUE","","",""
217,"QMS-CR3431/17","PNG-K-BDA","PKD  Barat Daya","Bank","2017-10-16","RM",10337.43,"Regular","QMSPFB","","Fresh","","Direct Debit","QMSRHBSEC14REV-CA","RHB BANK BERHAD - REVENUE","","",""
218,"QMS-CR3430/17","PNG-K-BDA","PKD  Barat Daya","Bank","2017-10-16","RM",10377.43,"Regular","QMSPFB","","Fresh","","Direct Debit","QMSRHBSEC14REV-CA","RHB BANK BERHAD - REVENUE","","",""
219,"QMS-CR3425/17","PNG-K-BDA","PKD  Barat Daya","Bank","2017-10-16","RM",31397.20,"Regular","QMSPFB","","Fresh","","Direct Debit","QMSRHBSEC14REV-CA","RHB BANK BERHAD - REVENUE","","",""
220,"QMS-CR3508/17","PNG-K-SPS","PKD  Seberang Perai Selatan","Bank","2017-10-26","RM",7596.51,"Regular","QMSPFB","","Fresh","","Direct Debit","QMSRHBSEC14REV-CA","RHB BANK BERHAD - REVENUE","","",""
221,"QMS-CR3509/17","PNG-K-SPS","PKD  Seberang Perai Selatan","Bank","2017-10-26","RM",7596.51,"Regular","QMSPFB","","Fresh","","Direct Debit","QMSRHBSEC14REV-CA","RHB BANK BERHAD - REVENUE","","",""
222,"QMS-CR3511/17","PNG-K-SPS","PKD  Seberang Perai Selatan","Bank","2017-10-26","RM",7596.51,"Regular","QMSPFB","","Fresh","","Direct Debit","QMSRHBSEC14REV-CA","RHB BANK BERHAD - REVENUE","","",""
223,"QMS-CR3580/17","PNG-K-SPS","PKD  Seberang Perai Selatan","Bank","2017-10-03","RM",9128.67,"Regular","QMSPFB","","Fresh","","Direct Debit","QMSRHBSEC14REV-CA","RHB BANK BERHAD - REVENUE","","",""
224,"QMS-CR3670/17","PNG-K-SPS","PKD  Seberang Perai Selatan","Bank","2017-10-23","RM",9128.67,"Regular","QMSPFB","","Fresh","","Direct Debit","QMSRHBSEC14REV-CA","RHB BANK BERHAD - REVENUE","","",""
225,"QMS-CR3514/17","PNG-K-SPS","PKD  Seberang Perai Selatan","Bank","2017-10-26","RM",11274.16,"Regular","QMSPFB","","Fresh","","Direct Debit","QMSRHBSEC14REV-CA","RHB BANK BERHAD - REVENUE","","",""
226,"QMS-CR3470/17","PNG-K-SPT","PKD  Seberang Perai Tengah","Bank","2017-10-17","RM",13844.68,"Regular","QMSPFB","","Fresh","","Direct Debit","QMSRHBSEC14REV-CA","RHB BANK BERHAD - REVENUE","","",""
227,"QMS-CR3622/17","PNG-K-SPT","PKD  Seberang Perai Tengah","Bank","2017-10-17","RM",22408.12,"Regular","QMSPFB","","Fresh","","Direct Debit","QMSRHBSEC14REV-CA","RHB BANK BERHAD - REVENUE","","",""
228,"QMS-CR3535/17","PNG-K-TLT","PKD  Timur Laut","Bank","2017-10-27","RM",20267.20,"Regular","QMSPFB","","Fresh","","Direct Debit","QMSRHBSEC14REV-CA","RHB BANK BERHAD - REVENUE","","",""
229,"QMS-CR3565/17","PNG-K-TLT","PKD  Timur Laut","Bank","2017-10-30","RM",27898.64,"Regular","QMSPFB","","Fresh","","Direct Debit","QMSRHBSEC14REV-CA","RHB BANK BERHAD - REVENUE","","",""
230,"QMS-CR3573/17","PNG-P-SPT","PPD  Seberang Perai Tengah","Bank","2017-10-31","RM",4039.09,"Regular","QMSPFB","","Fresh","","Direct Debit","QMSRHBSEC14REV-CA","RHB BANK BERHAD - REVENUE","","",""
231,"QMS-CR3579/17","PNG-P-SPT","PPD  Seberang Perai Tengah","Bank","2017-10-31","RM",29642.36,"Regular","QMSPFB","","Fresh","","Direct Debit","QMSRHBSEC14REV-CA","RHB BANK BERHAD - REVENUE","","",""
232,"QMS-CR3376/17","PNG-P-TLT","PPD  Timur Laut","Bank","2017-10-03","RM",4835.72,"Regular","QMSPFB","","Fresh","","Direct Debit","QMSRHBSEC14REV-CA","RHB BANK BERHAD - REVENUE","","",""
233,"QMS-CR3475/17","PNG-P-TLT","PPD  Timur Laut","Bank","2017-10-19","RM",10481.30,"Regular","QMSPFB","","Fresh","","Direct Debit","QMSRHBSEC14REV-CA","RHB BANK BERHAD - REVENUE","","",""
234,"QMS-CR3384/17","PRK-K-HIP","PKD  Hilir Perak","Bank","2017-10-04","RM",5565.52,"Regular","QMSPFB","","Fresh","","Direct Debit","QMSRHBSEC14REV-CA","RHB BANK BERHAD - REVENUE","","",""
235,"QMS-CR3544/17","PRK-K-HIP","PKD  Hilir Perak","Bank","2017-10-30","RM",8338.90,"Regular","QMSPFB","","Fresh","","Direct Debit","QMSRHBSEC14REV-CA","RHB BANK BERHAD - REVENUE","","",""
236,"QMS-CR3586/17","PRK-K-HIP","PKD  Hilir Perak","Bank","2017-10-04","RM",22593.97,"Regular","QMSPFB","","Fresh","","Direct Debit","QMSRHBSEC14REV-CA","RHB BANK BERHAD - REVENUE","","",""
237,"QMS-CR3587/17","PRK-K-HIP","PKD  Hilir Perak","Bank","2017-10-04","RM",22593.97,"Regular","QMSPFB","","Fresh","","Direct Debit","QMSRHBSEC14REV-CA","RHB BANK BERHAD - REVENUE","","",""
238,"QMS-CR3603/17","PRK-K-HIP","PKD  Hilir Perak","Bank","2017-10-11","RM",22593.97,"Regular","QMSPFB","","Fresh","","Direct Debit","QMSRHBSEC14REV-CA","RHB BANK BERHAD - REVENUE","","",""
239,"QMS-CR3490/17","PRK-K-HIP","PKD  Hilir Perak","Bank","2017-10-23","RM",77905.76,"Regular","QMSPFB","","Fresh","","Direct Debit","QMSRHBSEC14REV-CA","RHB BANK BERHAD - REVENUE","","",""
240,"QMS-CR3433/17","PRK-K-HUP","PKD  Hulu Perak","Bank","2017-10-16","RM",3583.19,"Regular","QMSPFB","","Fresh","","Direct Debit","QMSRHBSEC14REV-CA","RHB BANK BERHAD - REVENUE","","",""
241,"QMS-CR3434/17","PRK-K-HUP","PKD  Hulu Perak","Bank","2017-10-16","RM",3583.19,"Regular","QMSPFB","","Fresh","","Direct Debit","QMSRHBSEC14REV-CA","RHB BANK BERHAD - REVENUE","","",""
242,"QMS-CR3435/17","PRK-K-HUP","PKD  Hulu Perak","Bank","2017-10-16","RM",3583.19,"Regular","QMSPFB","","Fresh","","Direct Debit","QMSRHBSEC14REV-CA","RHB BANK BERHAD - REVENUE","","",""
243,"QMS-CR3432/17","PRK-K-KRN","PKD  Kerian","Bank","2017-10-16","RM",6275.48,"Regular","QMSPFB","","Fresh","","Direct Debit","QMSRHBSEC14REV-CA","RHB BANK BERHAD - REVENUE","","",""
244,"QMS-CR3482/17","PRK-K-KRN","PKD  Kerian","Bank","2017-10-20","RM",6275.48,"Regular","QMSPFB","","Fresh","","Direct Debit","QMSRHBSEC14REV-CA","RHB BANK BERHAD - REVENUE","","",""
245,"QMS-CR3569/17","PRK-K-LMS","PKD  Larut Matang Selama","Bank","2017-10-30","RM",41842.93,"Regular","QMSPFB","","Fresh","","Direct Debit","QMSRHBSEC14REV-CA","RHB BANK BERHAD - REVENUE","","",""
246,"QMS-CR3673/17","PRK-K-LMS","PKD  Larut Matang Selama","Bank","2017-10-23","RM",42304.66,"Regular","QMSPFB","","Fresh","","Direct Debit","QMSRHBSEC14REV-CA","RHB BANK BERHAD - REVENUE","","",""
247,"QMS-CR3468/17","PRK-K-LMS","PKD  Larut Matang Selama","Bank","2017-10-17","RM",66602.98,"Regular","QMSPFB","","Fresh","","Direct Debit","QMSRHBSEC14REV-CA","RHB BANK BERHAD - REVENUE","","",""
248,"QMS-CR3467/17","PRK-K-LMS","PKD  Larut Matang Selama","Bank","2017-10-17","RM",76323.00,"Regular","QMSPFB","","Fresh","","Direct Debit","QMSRHBSEC14REV-CA","RHB BANK BERHAD - REVENUE","","",""
249,"QMS-CR3471/17","PRK-K-MJG","PKD  Manjung","Bank","2017-10-17","RM",2927.97,"Regular","QMSPFB","","Fresh","","Direct Debit","QMSRHBSEC14REV-CA","RHB BANK BERHAD - REVENUE","","",""
250,"QMS-CR3495/17","PRK-K-MJG","PKD  Manjung","Bank","2017-10-25","RM",2927.97,"Regular","QMSPFB","","Fresh","","Direct Debit","QMSRHBSEC14REV-CA","RHB BANK BERHAD - REVENUE","","",""
251,"QMS-CR3530/17","PRK-K-MJG","PKD  Manjung","Bank","2017-10-27","RM",2927.97,"Regular","QMSPFB","","Fresh","","Direct Debit","QMSRHBSEC14REV-CA","RHB BANK BERHAD - REVENUE","","",""
252,"QMS-CR3566/17","PRK-K-MJG","PKD  Manjung","Bank","2017-10-30","RM",34797.51,"Regular","QMSPFB","","Fresh","","Direct Debit","QMSRHBSEC14REV-CA","RHB BANK BERHAD - REVENUE","","",""
253,"QMS-CR3623/17","PRK-K-MJG","PKD  Manjung","Bank","2017-10-17","RM",36945.41,"Regular","QMSPFB","","Fresh","","Direct Debit","QMSRHBSEC14REV-CA","RHB BANK BERHAD - REVENUE","","",""
254,"QMS-CR3676/17","PRK-K-MJG","PKD  Manjung","Bank","2017-10-24","RM",36945.41,"Regular","QMSPFB","","Fresh","","Direct Debit","QMSRHBSEC14REV-CA","RHB BANK BERHAD - REVENUE","","",""
255,"QMS-CR3383/17","PRK-K-PTH","PKD  Perak Tengah","Bank","2017-10-04","RM",1320.52,"Regular","QMSPFB","","Fresh","","Direct Debit","QMSRHBSEC14REV-CA","RHB BANK BERHAD - REVENUE","","",""
256,"QMS-CR3036/17","PRK-K-PTH","PKD  Perak Tengah","Bank","2017-10-13","RM",3204.58,"Regular","QMSPFB","","Fresh","","Direct Debit","QMSRHBSEC14REV-CA","RHB BANK BERHAD - REVENUE","","",""
257,"QMS-CR3038/17","PRK-K-PTH","PKD  Perak Tengah","Bank","2017-10-13","RM",3204.58,"Regular","QMSPFB","","Fresh","","Direct Debit","QMSRHBSEC14REV-CA","RHB BANK BERHAD - REVENUE","","",""
258,"QMS-CR3078/17","PRK-K-PTH","PKD  Perak Tengah","Bank","2017-10-02","RM",11085.79,"Regular","QMSPFB","","Fresh","","Direct Debit","QMSRHBSEC14REV-CA","RHB BANK BERHAD - REVENUE","","",""
259,"QMS-CR3031/17","PRK-P-BPG","PPD  Batang Padang","Bank","2017-10-13","RM",2214.30,"Regular","QMSPFB","","Fresh","","Direct Debit","QMSRHBSEC14REV-CA","RHB BANK BERHAD - REVENUE","","",""
260,"QMS-CR3033/17","PRK-P-BPG","PPD  Batang Padang","Bank","2017-10-13","RM",2214.30,"Regular","QMSPFB","","Fresh","","Direct Debit","QMSRHBSEC14REV-CA","RHB BANK BERHAD - REVENUE","","",""
261,"QMS-CR3053/17","PRK-P-BPG","PPD  Batang Padang","Bank","2017-10-13","RM",13834.79,"Regular","QMSPFB","","Fresh","","Direct Debit","QMSRHBSEC14REV-CA","RHB BANK BERHAD - REVENUE","","",""
262,"QMS-CR3054/17","PRK-P-BPG","PPD  Batang Padang","Bank","2017-10-13","RM",13834.79,"Regular","QMSPFB","","Fresh","","Direct Debit","QMSRHBSEC14REV-CA","RHB BANK BERHAD - REVENUE","","",""
263,"QMS-CR3665/17","PRK-P-BPG","PPD  Batang Padang","Bank","2017-10-20","RM",13834.79,"Regular","QMSPFB","","Fresh","","Direct Debit","QMSRHBSEC14REV-CA","RHB BANK BERHAD - REVENUE","","",""
264,"QMS-CR3391/17","PRK-P-HUP","PPD  Hulu Perak","Bank","2017-10-09","RM",696.64,"Regular","QMSPFB","","Fresh","","Direct Debit","QMSRHBSEC14REV-CA","RHB BANK BERHAD - REVENUE","","",""
265,"QMS-CR3023/17","PRK-P-HUP","PPD  Hulu Perak","Bank","2017-10-13","RM",696.64,"Regular","QMSPFB","","Fresh","","Direct Debit","QMSRHBSEC14REV-CA","RHB BANK BERHAD - REVENUE","","",""
266,"QMS-CR3485/17","PRK-P-HUP","PPD  Hulu Perak","Bank","2017-10-23","RM",696.64,"Regular","QMSPFB","","Fresh","","Direct Debit","QMSRHBSEC14REV-CA","RHB BANK BERHAD - REVENUE","","",""
267,"QMS-CR3389/17","PRK-P-HUP","PPD  Hulu Perak","Bank","2017-10-10","RM",2713.60,"Regular","QMSPFB","","Fresh","","Direct Debit","QMSRHBSEC14REV-CA","RHB BANK BERHAD - REVENUE","","",""
268,"QMS-CR3487/17","PRK-P-HUP","PPD  Hulu Perak","Bank","2017-10-23","RM",4000.00,"Regular","QMSPFB","","Fresh","","Direct Debit","QMSRHBSEC14REV-CA","RHB BANK BERHAD - REVENUE","","",""
269,"QMS-CR3592/17","PRK-P-HUP","PPD  Hulu Perak","Bank","2017-10-09","RM",13917.87,"Regular","QMSPFB","","Fresh","","Direct Debit","QMSRHBSEC14REV-CA","RHB BANK BERHAD - REVENUE","","",""
270,"QMS-CR3596/17","PRK-P-HUP","PPD  Hulu Perak","Bank","2017-10-10","RM",13917.88,"Regular","QMSPFB","","Fresh","","Direct Debit","QMSRHBSEC14REV-CA","RHB BANK BERHAD - REVENUE","","",""
271,"QMS-CR3664/17","PRK-P-HUP","PPD  Hulu Perak","Bank","2017-10-20","RM",13917.88,"Regular","QMSPFB","","Fresh","","Direct Debit","QMSRHBSEC14REV-CA","RHB BANK BERHAD - REVENUE","","",""
272,"QMS-CR3700/17","PRK-P-HUP","PPD  Hulu Perak","Bank","2017-10-27","RM",13917.88,"Regular","QMSPFB","","Fresh","","Direct Debit","QMSRHBSEC14REV-CA","RHB BANK BERHAD - REVENUE","","",""
273,"QMS-CR3390/17","PRK-P-KNA","PPD  Kinta","Bank","2017-10-10","RM",8221.26,"Regular","QMSPFB","","Fresh","","Direct Debit","QMSRHBSEC14REV-CA","RHB BANK BERHAD - REVENUE","","",""
274,"QMS-CR3417/17","PRK-P-KNA","PPD  Kinta","Bank","2017-10-12","RM",8221.26,"Regular","QMSPFB","","Fresh","","Direct Debit","QMSRHBSEC14REV-CA","RHB BANK BERHAD - REVENUE","","",""
275,"QMS-CR3599/17","PRK-P-KNA","PPD  Kinta","Bank","2017-10-10","RM",58395.02,"Regular","QMSPFB","","Fresh","","Direct Debit","QMSRHBSEC14REV-CA","RHB BANK BERHAD - REVENUE","","",""
276,"QMS-CR3523/17","PRK-P-KPR","PPD  Kampar","Bank","2017-10-27","RM",429.31,"Regular","QMSPFB","","Fresh","","Direct Debit","QMSRHBSEC14REV-CA","RHB BANK BERHAD - REVENUE","","",""
277,"QMS-CR3534/17","PRK-P-KPR","PPD  Kampar","Bank","2017-10-27","RM",8699.00,"Regular","QMSPFB","","Fresh","","Direct Debit","QMSRHBSEC14REV-CA","RHB BANK BERHAD - REVENUE","","",""
278,"QMS-CR3436/17","PRK-P-KRN","PPD  Kerian","Bank","2017-10-16","RM",3216.87,"Regular","QMSPFB","","Fresh","","Direct Debit","QMSRHBSEC14REV-CA","RHB BANK BERHAD - REVENUE","","",""
279,"QMS-CR3616/17","PRK-P-KRN","PPD  Kerian","Bank","2017-10-12","RM",23681.25,"Regular","QMSPFB","","Fresh","","Direct Debit","QMSRHBSEC14REV-CA","RHB BANK BERHAD - REVENUE","","",""
280,"QMS-CR3618/17","PRK-P-KRN","PPD  Kerian","Bank","2017-10-12","RM",23681.25,"Regular","QMSPFB","","Fresh","","Direct Debit","QMSRHBSEC14REV-CA","RHB BANK BERHAD - REVENUE","","",""
281,"QMS-CR3426/17","PRK-P-LMS","PPD  Larut Matang Selama","Bank","2017-10-16","RM",5427.20,"Regular","QMSPFB","","Fresh","","Direct Debit","QMSRHBSEC14REV-CA","RHB BANK BERHAD - REVENUE","","",""
282,"QMS-CR3427/17","PRK-P-LMS","PPD  Larut Matang Selama","Bank","2017-10-16","RM",7750.00,"Regular","QMSPFB","","Fresh","","Direct Debit","QMSRHBSEC14REV-CA","RHB BANK BERHAD - REVENUE","","",""
283,"QMS-CR3414/17","PRK-P-MJG","PPD  Manjung","Bank","2017-10-12","RM",698.36,"Regular","QMSPFB","","Fresh","","Direct Debit","QMSRHBSEC14REV-CA","RHB BANK BERHAD - REVENUE","","",""
284,"QMS-CR3416/17","PRK-P-MJG","PPD  Manjung","Bank","2017-10-12","RM",3229.34,"Regular","QMSPFB","","Fresh","","Direct Debit","QMSRHBSEC14REV-CA","RHB BANK BERHAD - REVENUE","","",""
285,"QMS-CR3394/17","PRK-P-MJG","PPD  Manjung","Bank","2017-10-09","RM",10061.52,"Regular","QMSPFB","","Fresh","","Direct Debit","QMSRHBSEC14REV-CA","RHB BANK BERHAD - REVENUE","","",""
286,"QMS-CR3701/17","PRK-P-MJG","PPD  Manjung","Bank","2017-10-27","RM",36455.76,"Regular","QMSPFB","","Fresh","","Direct Debit","QMSRHBSEC14REV-CA","RHB BANK BERHAD - REVENUE","","",""
287,"QMS-CR3437/17","PRK-P-PTH","PPD  Perak Tengah","Bank","2017-10-16","RM",1311.86,"Regular","QMSPFB","","Fresh","","Direct Debit","QMSRHBSEC14REV-CA","RHB BANK BERHAD - REVENUE","","",""
288,"QMS-CR3438/17","PRK-P-PTH","PPD  Perak Tengah","Bank","2017-10-16","RM",1311.86,"Regular","QMSPFB","","Fresh","","Direct Debit","QMSRHBSEC14REV-CA","RHB BANK BERHAD - REVENUE","","",""
289,"QMS-CR3486/17","PRK-P-PTH","PPD  Perak Tengah","Bank","2017-10-23","RM",1311.86,"Regular","QMSPFB","","Fresh","","Direct Debit","QMSRHBSEC14REV-CA","RHB BANK BERHAD - REVENUE","","",""
290,"QMS-CR3620/17","PRK-P-PTH","PPD  Perak Tengah","Bank","2017-10-16","RM",5735.95,"Regular","QMSPFB","","Fresh","","Direct Debit","QMSRHBSEC14REV-CA","RHB BANK BERHAD - REVENUE","","",""
291,"QMS-CR3469/17","SBH-K-BFT","PKD  Beaufort","Bank","2017-10-17","RM",5914.80,"Regular","QMSPFB","","Fresh","","Direct Debit","QMSRHBSEC14REV-CA","RHB BANK BERHAD - REVENUE","","",""
292,"QMS-CR3687/17","SBH-K-BFT","PKD  Beaufort","Bank","2017-10-26","RM",7810.73,"Regular","QMSPFB","","Fresh","","Direct Debit","QMSRHBSEC14REV-CA","RHB BANK BERHAD - REVENUE","","",""
293,"QMS-CR3393/17","SBH-K-BLN","PKD  Beluran","Bank","2017-10-09","RM",2799.32,"Regular","QMSPFB","","Fresh","","Direct Debit","QMSRHBSEC14REV-CA","RHB BANK BERHAD - REVENUE","","",""
294,"QMS-CR3440/17","SBH-K-BLN","PKD  Beluran","Bank","2017-10-16","RM",2799.32,"Regular","QMSPFB","","Fresh","","Direct Debit","QMSRHBSEC14REV-CA","RHB BANK BERHAD - REVENUE","","",""
295,"QMS-CR3689/17","SBH-K-BLN","PKD  Beluran","Bank","2017-10-26","RM",12922.83,"Regular","QMSPFB","","Fresh","","Direct Debit","QMSRHBSEC14REV-CA","RHB BANK BERHAD - REVENUE","","",""
296,"QMS-CR3691/17","SBH-K-KBD","PKD  Kota Belud","Bank","2017-10-26","RM",2976.12,"Regular","QMSPFB","","Fresh","","Direct Debit","QMSRHBSEC14REV-CA","RHB BANK BERHAD - REVENUE","","",""
297,"QMS-CR3698/17","SBH-K-KDT","PKD  Kudat","Bank","2017-10-27","RM",8929.91,"Regular","QMSPFB","","Fresh","","Direct Debit","QMSRHBSEC14REV-CA","RHB BANK BERHAD - REVENUE","","",""
298,"QMS-CR3474/17","SBH-K-KEU","PKD  Keningau","Bank","2017-10-19","RM",3529.80,"Regular","QMSPFB","","Fresh","","Direct Debit","QMSRHBSEC14REV-CA","RHB BANK BERHAD - REVENUE","","",""
299,"QMS-CR3695/17","SBH-K-KEU","PKD  Keningau","Bank","2017-10-27","RM",4881.43,"Regular","QMSPFB","","Fresh","","Direct Debit","QMSRHBSEC14REV-CA","RHB BANK BERHAD - REVENUE","","",""
300,"QMS-CR3504/17","SBH-K-KIN","PKD  Kinabatangan","Bank","2017-10-26","RM",2070.00,"Regular","QMSPFB","","Fresh","","Direct Debit","QMSRHBSEC14REV-CA","RHB BANK BERHAD - REVENUE","","",""
301,"QMS-CR3681/17","SBH-K-KKU","PKD  Kota Kinabalu","Bank","2017-10-26","RM",2471.55,"Regular","QMSPFB","","Fresh","","Direct Debit","QMSRHBSEC14REV-CA","RHB BANK BERHAD - REVENUE","","",""
302,"QMS-CR3682/17","SBH-K-KKU","PKD  Kota Kinabalu","Bank","2017-10-26","RM",2471.55,"Regular","QMSPFB","","Fresh","","Direct Debit","QMSRHBSEC14REV-CA","RHB BANK BERHAD - REVENUE","","",""
303,"QMS-CR3680/17","SBH-K-KMU","PKD  Kota Marudu","Bank","2017-10-26","RM",2467.65,"Regular","QMSPFB","","Fresh","","Direct Debit","QMSRHBSEC14REV-CA","RHB BANK BERHAD - REVENUE","","",""
304,"QMS-CR3408/17","SBH-K-KNK","PKD  Kunak","Bank","2017-10-11","RM",2975.11,"Regular","QMSPFB","","Fresh","","Direct Debit","QMSRHBSEC14REV-CA","RHB BANK BERHAD - REVENUE","","",""
305,"QMS-CR3582/17","SBH-K-LDU","PKD  Lahad Datu","Bank","2017-10-03","RM",23121.82,"Regular","QMSPFB","","Fresh","","Direct Debit","QMSRHBSEC14REV-CA","RHB BANK BERHAD - REVENUE","","",""
306,"QMS-CR3683/17","SBH-K-NBN","PKD  Nabawan","Bank","2017-10-26","RM",4633.90,"Regular","QMSPFB","","Fresh","","Direct Debit","QMSRHBSEC14REV-CA","RHB BANK BERHAD - REVENUE","","",""
307,"QMS-CR3694/17","SBH-K-NBN","PKD  Nabawan","Bank","2017-10-27","RM",4633.90,"Regular","QMSPFB","","Fresh","","Direct Debit","QMSRHBSEC14REV-CA","RHB BANK BERHAD - REVENUE","","",""
308,"QMS-CR3848/17","SBH-K-PAR","PKD  Papar","Bank","2017-10-31","RM",3471.28,"Regular","QMSPFB","","Fresh","","Direct Debit","QMSRHBSEC14REV-CA","RHB BANK BERHAD - REVENUE","","",""
309,"QMS-CR3439/17","SBH-K-PIS","PKD  Pitas","Bank","2017-10-16","RM",118.83,"Regular","QMSPFB","","Fresh","","Direct Debit","QMSRHBSEC14REV-CA","RHB BANK BERHAD - REVENUE","","",""
310,"QMS-CR3388/17","SBH-K-PIS","PKD  Pitas","Bank","2017-10-10","RM",689.68,"Regular","QMSPFB","","Fresh","","Direct Debit","QMSRHBSEC14REV-CA","RHB BANK BERHAD - REVENUE","","",""
311,"QMS-CR3693/17","SBH-K-PIS","PKD  Pitas","Bank","2017-10-27","RM",4572.31,"Regular","QMSPFB","","Fresh","","Direct Debit","QMSRHBSEC14REV-CA","RHB BANK BERHAD - REVENUE","","",""
312,"QMS-CR3686/17","SBH-K-RAU","PKD  Ranau","Bank","2017-10-26","RM",7198.80,"Regular","QMSPFB","","Fresh","","Direct Debit","QMSRHBSEC14REV-CA","RHB BANK BERHAD - REVENUE","","",""
313,"QMS-CR3697/17","SBH-K-RAU","PKD  Ranau","Bank","2017-10-27","RM",7198.80,"Regular","QMSPFB","","Fresh","","Direct Debit","QMSRHBSEC14REV-CA","RHB BANK BERHAD - REVENUE","","",""
314,"QMS-CR3584/17","SBH-K-SDN","PKD  Sandakan","Bank","2017-10-03","RM",23660.48,"Regular","QMSPFB","","Fresh","","Direct Debit","QMSRHBSEC14REV-CA","RHB BANK BERHAD - REVENUE","","",""
315,"QMS-CR3605/17","SBH-K-SDN","PKD  Sandakan","Bank","2017-10-11","RM",23660.48,"Regular","QMSPFB","","Fresh","","Direct Debit","QMSRHBSEC14REV-CA","RHB BANK BERHAD - REVENUE","","",""
316,"QMS-CR3442/17","SBH-K-SEA","PKD  Semporna","Bank","2017-10-16","RM",4166.17,"Regular","QMSPFB","","Fresh","","Direct Debit","QMSRHBSEC14REV-CA","RHB BANK BERHAD - REVENUE","","",""
317,"QMS-CR3589/17","SBH-K-SEA","PKD  Semporna","Bank","2017-10-09","RM",7689.61,"Regular","QMSPFB","","Fresh","","Direct Debit","QMSRHBSEC14REV-CA","RHB BANK BERHAD - REVENUE","","",""
318,"QMS-CR3591/17","SBH-K-SEA","PKD  Semporna","Bank","2017-10-09","RM",7689.61,"Regular","QMSPFB","","Fresh","","Direct Debit","QMSRHBSEC14REV-CA","RHB BANK BERHAD - REVENUE","","",""
319,"QMS-CR3685/17","SBH-K-SPG","PKD  Sipitang","Bank","2017-10-26","RM",6392.42,"Regular","QMSPFB","","Fresh","","Direct Debit","QMSRHBSEC14REV-CA","RHB BANK BERHAD - REVENUE","","",""
320,"QMS-CR3387/17","SBH-K-TBN","PKD  Tambunan","Bank","2017-10-10","RM",595.30,"Regular","QMSPFB","","Fresh","","Direct Debit","QMSRHBSEC14REV-CA","RHB BANK BERHAD - REVENUE","","",""
321,"QMS-CR3679/17","SBH-K-TBN","PKD  Tambunan","Bank","2017-10-26","RM",2223.01,"Regular","QMSPFB","","Fresh","","Direct Debit","QMSRHBSEC14REV-CA","RHB BANK BERHAD - REVENUE","","",""
322,"QMS-CR3692/17","SBH-K-TEM","PKD  Tenom","Bank","2017-10-27","RM",4166.07,"Regular","QMSPFB","","Fresh","","Direct Debit","QMSRHBSEC14REV-CA","RHB BANK BERHAD - REVENUE","","",""
323,"QMS-CR3493/17","SBH-K-TEM","PKD  Tenom","Bank","2017-10-24","RM",7473.00,"Regular","QMSPFB","","Fresh","","Direct Debit","QMSRHBSEC14REV-CA","RHB BANK BERHAD - REVENUE","","",""
324,"QMS-CR3684/17","SBH-K-TUN","PKD  Tuaran","Bank","2017-10-26","RM",4972.21,"Regular","QMSPFB","","Fresh","","Direct Debit","QMSRHBSEC14REV-CA","RHB BANK BERHAD - REVENUE","","",""
325,"QMS-CR3696/17","SBH-K-TUN","PKD  Tuaran","Bank","2017-10-27","RM",4972.21,"Regular","QMSPFB","","Fresh","","Direct Debit","QMSRHBSEC14REV-CA","RHB BANK BERHAD - REVENUE","","",""
326,"QMS-CR3410/17","SBH-K-TWU","PKD  Tawau","Bank","2017-10-11","RM",5434.55,"Regular","QMSPFB","","Fresh","","Direct Debit","QMSRHBSEC14REV-CA","RHB BANK BERHAD - REVENUE","","",""
327,"QMS-CR3441/17","SBH-K-TWU","PKD  Tawau","Bank","2017-10-16","RM",5434.55,"Regular","QMSPFB","","Fresh","","Direct Debit","QMSRHBSEC14REV-CA","RHB BANK BERHAD - REVENUE","","",""
328,"QMS-CR3046/17","SBH-K-TWU","PKD  Tawau","Bank","2017-10-13","RM",6125.00,"Regular","QMSPFB","","Fresh","","Direct Debit","QMSRHBSEC14REV-CA","RHB BANK BERHAD - REVENUE","","",""
329,"QMS-CR3445/17","SBH-P-BFT","PPD  Beaufort","Bank","2017-10-16","RM",71.14,"Regular","QMSPFB","","Fresh","","Direct Debit","QMSRHBSEC14REV-CA","RHB BANK BERHAD - REVENUE","","",""
330,"QMS-CR3369/17","SBH-P-BFT","PPD  Beaufort","Bank","2017-10-03","RM",692.32,"Regular","QMSPFB","","Fresh","","Direct Debit","QMSRHBSEC14REV-CA","RHB BANK BERHAD - REVENUE","","",""
331,"QMS-CR3484/17","SBH-P-BFT","PPD  Beaufort","Bank","2017-10-23","RM",692.32,"Regular","QMSPFB","","Fresh","","Direct Debit","QMSRHBSEC14REV-CA","RHB BANK BERHAD - REVENUE","","",""
332,"QMS-CR3614/17","SBH-P-BFT","PPD  Beaufort","Bank","2017-10-12","RM",9266.80,"Regular","QMSPFB","","Fresh","","Direct Debit","QMSRHBSEC14REV-CA","RHB BANK BERHAD - REVENUE","","",""
333,"QMS-CR3628/17","SBH-P-KBD","PPD  Kota Belud","Bank","2017-10-19","RM",12900.44,"Regular","QMSPFB","","Fresh","","Direct Debit","QMSRHBSEC14REV-CA","RHB BANK BERHAD - REVENUE","","",""
334,"QMS-CR3672/17","SBH-P-KBD","PPD  Kota Belud","Bank","2017-10-23","RM",12900.44,"Regular","QMSPFB","","Fresh","","Direct Debit","QMSRHBSEC14REV-CA","RHB BANK BERHAD - REVENUE","","",""
335,"QMS-CR3496/17","SBH-P-KDT","PPD  Kudat","Bank","2017-10-25","RM",3230.48,"Regular","QMSPFB","","Fresh","","Direct Debit","QMSRHBSEC14REV-CA","RHB BANK BERHAD - REVENUE","","",""
336,"QMS-CR3506/17","SBH-P-KDT","PPD  Kudat","Bank","2017-10-26","RM",3230.48,"Regular","QMSPFB","","Fresh","","Direct Debit","QMSRHBSEC14REV-CA","RHB BANK BERHAD - REVENUE","","",""
337,"QMS-CR3675/17","SBH-P-KDT","PPD  Kudat","Bank","2017-10-24","RM",22168.01,"Regular","QMSPFB","","Fresh","","Direct Debit","QMSRHBSEC14REV-CA","RHB BANK BERHAD - REVENUE","","",""
338,"QMS-CR3476/17","SBH-P-KEU","PPD  Keningau","Bank","2017-10-19","RM",554.53,"Regular","QMSPFB","","Fresh","","Direct Debit","QMSRHBSEC14REV-CA","RHB BANK BERHAD - REVENUE","","",""
339,"QMS-CR3667/17","SBH-P-KEU","PPD  Keningau","Bank","2017-10-23","RM",554.53,"Regular","QMSPFB","","Fresh","","Direct Debit","QMSRHBSEC14REV-CA","RHB BANK BERHAD - REVENUE","","",""
340,"QMS-CR3477/17","SBH-P-KKU","PPD  Kota Kinabalu","Bank","2017-10-19","RM",233.86,"Regular","QMSPFB","","Fresh","","Direct Debit","QMSRHBSEC14REV-CA","RHB BANK BERHAD - REVENUE","","",""
341,"QMS-CR3617/17","SBH-P-KKU","PPD  Kota Kinabalu","Bank","2017-10-12","RM",37214.44,"Regular","QMSPFB","","Fresh","","Direct Debit","QMSRHBSEC14REV-CA","RHB BANK BERHAD - REVENUE","","",""
342,"QMS-CR3677/17","SBH-P-KKU","PPD  Kota Kinabalu","Bank","2017-10-24","RM",37214.44,"Regular","QMSPFB","","Fresh","","Direct Debit","QMSRHBSEC14REV-CA","RHB BANK BERHAD - REVENUE","","",""
343,"QMS-CR3374/17","SBH-P-LDU","PPD  Lahad Datu","Bank","2017-10-03","RM",3398.49,"Regular","QMSPFB","","Fresh","","Direct Debit","QMSRHBSEC14REV-CA","RHB BANK BERHAD - REVENUE","","",""
344,"QMS-CR3444/17","SBH-P-LDU","PPD  Lahad Datu","Bank","2017-10-16","RM",3398.49,"Regular","QMSPFB","","Fresh","","Direct Debit","QMSRHBSEC14REV-CA","RHB BANK BERHAD - REVENUE","","",""
345,"QMS-CR3615/17","SBH-P-LDU","PPD  Lahad Datu","Bank","2017-10-12","RM",13717.72,"Regular","QMSPFB","","Fresh","","Direct Debit","QMSRHBSEC14REV-CA","RHB BANK BERHAD - REVENUE","","",""
346,"QMS-CR3367/17","SBH-P-PPG","PPD  Penampang","Bank","2017-10-03","RM",450.73,"Regular","QMSPFB","","Fresh","","Direct Debit","QMSRHBSEC14REV-CA","RHB BANK BERHAD - REVENUE","","",""
347,"QMS-CR3392/17","SBH-P-PPG","PPD  Penampang","Bank","2017-10-09","RM",769.33,"Regular","QMSPFB","","Fresh","","Direct Debit","QMSRHBSEC14REV-CA","RHB BANK BERHAD - REVENUE","","",""
348,"QMS-CR3494/17","SBH-P-PPG","PPD  Penampang","Bank","2017-10-25","RM",769.33,"Regular","QMSPFB","","Fresh","","Direct Debit","QMSRHBSEC14REV-CA","RHB BANK BERHAD - REVENUE","","",""
349,"QMS-CR3629/17","SBH-P-PPG","PPD  Penampang","Bank","2017-10-19","RM",9250.39,"Regular","QMSPFB","","Fresh","","Direct Debit","QMSRHBSEC14REV-CA","RHB BANK BERHAD - REVENUE","","",""
350,"QMS-CR3364/17","SBH-P-SDN","PPD  Sandakan","Bank","2017-10-03","RM",126.73,"Regular","QMSPFB","","Fresh","","Direct Debit","QMSRHBSEC14REV-CA","RHB BANK BERHAD - REVENUE","","",""
351,"QMS-CR3386/17","SBH-P-TWU","PPD  Tawau","Bank","2017-10-04","RM",11078.42,"Regular","QMSPFB","","Fresh","","Direct Debit","QMSRHBSEC14REV-CA","RHB BANK BERHAD - REVENUE","","",""
352,"QMS-CR3472/17","SBH-P-TWU","PPD  Tawau","Bank","2017-10-17","RM",22038.52,"Regular","QMSPFB","","Fresh","","Direct Debit","QMSRHBSEC14REV-CA","RHB BANK BERHAD - REVENUE","","",""
353,"QMS-CR3624/17","SBH-P-TWU","PPD  Tawau","Bank","2017-10-17","RM",44658.89,"Regular","QMSPFB","","Fresh","","Direct Debit","QMSRHBSEC14REV-CA","RHB BANK BERHAD - REVENUE","","",""
354,"QMS-CR2925/17","SLR-K-GOK","PKD  Gombak","Bank","2017-10-31","RM",1729.92,"Regular","QMSPFB","","Fully Adjusted","","Direct Debit","QMSRHBSEC14REV-CA","RHB BANK BERHAD - REVENUE","","",""
355,"QMS-CR2937/17","SLR-K-GOK","PKD  Gombak","Bank","2017-10-31","RM",29670.25,"Regular","QMSPFB","","Fully Adjusted","","Direct Debit","QMSRHBSEC14REV-CA","RHB BANK BERHAD - REVENUE","","",""
356,"QMS-CR2493/17","SLR-K-GOK","PKD  Gombak","Bank","2017-10-06","RM",30579.29,"Regular","QMSPFB","","Fully Adjusted","","Direct Debit","QMSRHBSEC14REV-CA","RHB BANK BERHAD - REVENUE","","",""
357,"QMS-CR2495/17","SLR-K-GOK","PKD  Gombak","Bank","2017-10-06","RM",36565.71,"Regular","QMSPFB","","Fully Adjusted","","Direct Debit","QMSRHBSEC14REV-CA","RHB BANK BERHAD - REVENUE","","",""
358,"QMS-CR2929/17","SLR-K-GOK","PKD  Gombak","Bank","2017-10-31","RM",45548.28,"Regular","QMSPFB","","Fully Adjusted","","Direct Debit","QMSRHBSEC14REV-CA","RHB BANK BERHAD - REVENUE","","",""
359,"QMS-CR2760/17","SLR-K-HLT","PKD  Hulu Langat","Bank","2017-10-09","RM",26267.74,"Regular","QMSPFB","","Fully Adjusted","","Direct Debit","QMSRHBSEC14REV-CA","RHB BANK BERHAD - REVENUE","","",""
360,"QMS-CR2499/17","SLR-K-HLT","PKD  Hulu Langat","Bank","2017-10-06","RM",44684.07,"Regular","QMSPFB","","Fully Adjusted","","Direct Debit","QMSRHBSEC14REV-CA","RHB BANK BERHAD - REVENUE","","",""
361,"QMS-CR2833/17","SLR-K-HSR","PKD  Hulu Selangor","Bank","2017-10-16","RM",4070.14,"Regular","QMSPFB","","Fully Adjusted","","Direct Debit","QMSRHBSEC14REV-CA","RHB BANK BERHAD - REVENUE","","",""
362,"QMS-CR2902/17","SLR-K-HSR","PKD  Hulu Selangor","Bank","2017-10-25","RM",4379.88,"Regular","QMSPFB","","Fully Adjusted","","Direct Debit","QMSRHBSEC14REV-CA","RHB BANK BERHAD - REVENUE","","",""
363,"QMS-CR2866/17","SLR-K-HSR","PKD  Hulu Selangor","Bank","2017-10-27","RM",12003.44,"Regular","QMSPFB","","Fully Adjusted","","Direct Debit","QMSRHBSEC14REV-CA","RHB BANK BERHAD - REVENUE","","",""
364,"QMS-CR2911/17","SLR-K-HSR","PKD  Hulu Selangor","Bank","2017-10-25","RM",14433.65,"Regular","QMSPFB","","Fully Adjusted","","Direct Debit","QMSRHBSEC14REV-CA","RHB BANK BERHAD - REVENUE","","",""
365,"QMS-CR2839/17","SLR-K-HSR","PKD  Hulu Selangor","Bank","2017-10-16","RM",14505.10,"Regular","QMSPFB","","Fully Adjusted","","Direct Debit","QMSRHBSEC14REV-CA","RHB BANK BERHAD - REVENUE","","",""
366,"QMS-CR2838/17","SLR-K-KLG","PKD  Klang","Bank","2017-10-16","RM",28012.88,"Regular","QMSPFB","","Fully Adjusted","","Direct Debit","QMSRHBSEC14REV-CA","RHB BANK BERHAD - REVENUE","","",""
367,"QMS-CR2832/17","SLR-K-KLG","PKD  Klang","Bank","2017-10-16","RM",28893.70,"Regular","QMSPFB","","Fully Adjusted","","Direct Debit","QMSRHBSEC14REV-CA","RHB BANK BERHAD - REVENUE","","",""
368,"QMS-CR2934/17","SLR-K-KSR","PKD  Kuala Selangor","Bank","2017-10-31","RM",2950.41,"Regular","QMSPFB","","Fully Adjusted","","Direct Debit","QMSRHBSEC14REV-CA","RHB BANK BERHAD - REVENUE","","",""
369,"QMS-CR2936/17","SLR-K-KSR","PKD  Kuala Selangor","Bank","2017-10-31","RM",19802.49,"Regular","QMSPFB","","Fully Adjusted","","Direct Debit","QMSRHBSEC14REV-CA","RHB BANK BERHAD - REVENUE","","",""
370,"QMS-CR2759/17","SLR-K-PTG","PKD  Petaling","Bank","2017-10-09","RM",26736.07,"Regular","QMSPFB","","Fully Adjusted","","Direct Debit","QMSRHBSEC14REV-CA","RHB BANK BERHAD - REVENUE","","",""
371,"QMS-CR2749/17","SLR-K-PTG","PKD  Petaling","Bank","2017-10-09","RM",32285.09,"Regular","QMSPFB","","Fully Adjusted","","Direct Debit","QMSRHBSEC14REV-CA","RHB BANK BERHAD - REVENUE","","",""
372,"QMS-CR2523/17","SLR-K-SBM","PKD  Sabak Bernam","Bank","2017-10-04","RM",1806.66,"Regular","QMSPFB","","Fully Adjusted","","Direct Debit","QMSRHBSEC14REV-CA","RHB BANK BERHAD - REVENUE","","",""
373,"QMS-CR2905/17","SLR-K-SBM","PKD  Sabak Bernam","Bank","2017-10-25","RM",2294.65,"Regular","QMSPFB","","Fully Adjusted","","Direct Debit","QMSRHBSEC14REV-CA","RHB BANK BERHAD - REVENUE","","",""
374,"QMS-CR2893/17","SLR-K-SBM","PKD  Sabak Bernam","Bank","2017-10-25","RM",4445.64,"Regular","QMSPFB","","Fully Adjusted","","Direct Debit","QMSRHBSEC14REV-CA","RHB BANK BERHAD - REVENUE","","",""
375,"QMS-CR2878/17","SLR-K-SBM","PKD  Sabak Bernam","Bank","2017-10-26","RM",14486.85,"Regular","QMSPFB","","Fully Adjusted","","Direct Debit","QMSRHBSEC14REV-CA","RHB BANK BERHAD - REVENUE","","",""
376,"QMS-CR2504/17","SLR-K-SBM","PKD  Sabak Bernam","Bank","2017-10-04","RM",14498.48,"Regular","QMSPFB","","Fully Adjusted","","Direct Debit","QMSRHBSEC14REV-CA","RHB BANK BERHAD - REVENUE","","",""
377,"QMS-CR2857/17","SLR-K-SPG","PKD  Sepang","Bank","2017-10-20","RM",4462.13,"Regular","QMSPFB","","Fully Adjusted","","Direct Debit","QMSRHBSEC14REV-CA","RHB BANK BERHAD - REVENUE","","",""
378,"QMS-CR2863/17","SLR-K-SPG","PKD  Sepang","Bank","2017-10-24","RM",9750.99,"Regular","QMSPFB","","Fully Adjusted","","Direct Debit","QMSRHBSEC14REV-CA","RHB BANK BERHAD - REVENUE","","",""
379,"QMS-CR2907/17","SLR-P-GOK","PPD  Gombak","Bank","2017-10-25","RM",34496.94,"Regular","QMSPFB","","Fully Adjusted","","Direct Debit","QMSRHBSEC14REV-CA","RHB BANK BERHAD - REVENUE","","",""
380,"QMS-CR2690/17","SLR-P-HLT","PPD  Hulu Langat","Bank","2017-10-05","RM",6348.13,"Regular","QMSPFB","","Fully Adjusted","","Direct Debit","QMSRHBSEC14REV-CA","RHB BANK BERHAD - REVENUE","","",""
381,"QMS-CR2798/17","SLR-P-HLT","PPD  Hulu Langat","Bank","2017-10-11","RM",46070.33,"Regular","QMSPFB","","Fully Adjusted","","Direct Debit","QMSRHBSEC14REV-CA","RHB BANK BERHAD - REVENUE","","",""
382,"QMS-CR2855/17","SLR-P-HSR","PPD  Hulu Selangor","Bank","2017-10-19","RM",17731.18,"Regular","QMSPFB","","Fully Adjusted","","Direct Debit","QMSRHBSEC14REV-CA","RHB BANK BERHAD - REVENUE","","",""
383,"QMS-CR2919/17","SLR-P-KLG","PPD  Klang","Bank","2017-10-30","RM",1990.36,"Regular","QMSPFB","","Fully Adjusted","","Direct Debit","QMSRHBSEC14REV-CA","RHB BANK BERHAD - REVENUE","","",""
384,"QMS-CR2920/17","SLR-P-KLG","PPD  Klang","Bank","2017-10-30","RM",4038.60,"Regular","QMSPFB","","Fully Adjusted","","Direct Debit","QMSRHBSEC14REV-CA","RHB BANK BERHAD - REVENUE","","",""
385,"QMS-CR2938/17","SLR-P-KLG","PPD  Klang","Bank","2017-10-31","RM",48072.26,"Regular","QMSPFB","","Fully Adjusted","","Direct Debit","QMSRHBSEC14REV-CA","RHB BANK BERHAD - REVENUE","","",""
386,"QMS-CR2903/17","SLR-P-KLT","PPD  Kuala Langat","Bank","2017-10-25","RM",1361.37,"Regular","QMSPFB","","Fully Adjusted","","Direct Debit","QMSRHBSEC14REV-CA","RHB BANK BERHAD - REVENUE","","",""
387,"QMS-CR2909/17","SLR-P-KLT","PPD  Kuala Langat","Bank","2017-10-25","RM",19560.29,"Regular","QMSPFB","","Fully Adjusted","","Direct Debit","QMSRHBSEC14REV-CA","RHB BANK BERHAD - REVENUE","","",""
388,"QMS-CR2904/17","SLR-P-KSR","PPD  Kuala Selangor","Bank","2017-10-25","RM",2204.46,"Regular","QMSPFB","","Fully Adjusted","","Direct Debit","QMSRHBSEC14REV-CA","RHB BANK BERHAD - REVENUE","","",""
389,"QMS-CR2895/17","SLR-P-KSR","PPD  Kuala Selangor","Bank","2017-10-25","RM",2713.60,"Regular","QMSPFB","","Fully Adjusted","","Direct Debit","QMSRHBSEC14REV-CA","RHB BANK BERHAD - REVENUE","","",""
390,"QMS-CR2908/17","SLR-P-KSR","PPD  Kuala Selangor","Bank","2017-10-25","RM",16221.84,"Regular","QMSPFB","","Fully Adjusted","","Direct Debit","QMSRHBSEC14REV-CA","RHB BANK BERHAD - REVENUE","","",""
391,"QMS-CR2706/17","SLR-P-PTG","PPD  Petaling","Bank","2017-10-10","RM",4961.67,"Regular","QMSPFB","","Fully Adjusted","","Direct Debit","QMSRHBSEC14REV-CA","RHB BANK BERHAD - REVENUE","","",""
392,"QMS-CR2825/17","SLR-P-PTG","PPD  Petaling","Bank","2017-10-12","RM",42747.86,"Regular","QMSPFB","","Fully Adjusted","","Direct Debit","QMSRHBSEC14REV-CA","RHB BANK BERHAD - REVENUE","","",""
393,"QMS-CR2894/17","SLR-P-SBM","PPD  Sabak Bernam","Bank","2017-10-25","RM",2713.60,"Regular","QMSPFB","","Fully Adjusted","","Direct Debit","QMSRHBSEC14REV-CA","RHB BANK BERHAD - REVENUE","","",""
394,"QMS-CR2910/17","SLR-P-SBM","PPD  Sabak Bernam","Bank","2017-10-25","RM",17207.13,"Regular","QMSPFB","","Fully Adjusted","","Direct Debit","QMSRHBSEC14REV-CA","RHB BANK BERHAD - REVENUE","","",""
395,"QMS-CR2921/17","SLR-P-SPG","PPD  Sepang","Bank","2017-10-31","RM",2713.60,"Regular","QMSPFB","","Fully Adjusted","","Direct Debit","QMSRHBSEC14REV-CA","RHB BANK BERHAD - REVENUE","","",""
396,"QMS-CR2939/17","SLR-P-SPG","PPD  Sepang","Bank","2017-10-31","RM",8815.29,"Regular","QMSPFB","","Fully Adjusted","","Direct Debit","QMSRHBSEC14REV-CA","RHB BANK BERHAD - REVENUE","","",""
397,"QMS-CR3678/17","SWK-K-BIU","PKB  Bintulu","Bank","2017-10-25","RM",10774.31,"Regular","QMSPFB","","Fresh","","Direct Debit","QMSRHBSEC14REV-CA","RHB BANK BERHAD - REVENUE","","",""
398,"QMS-CR3067/17","SWK-K-BTG","PKB  Betong","Bank","2017-10-13","RM",4677.58,"Regular","QMSPFB","","Fresh","","Direct Debit","QMSRHBSEC14REV-CA","RHB BANK BERHAD - REVENUE","","",""
399,"QMS-CR3630/17","SWK-K-BTG","PKB  Betong","Bank","2017-10-19","RM",4677.58,"Regular","QMSPFB","","Fresh","","Direct Debit","QMSRHBSEC14REV-CA","RHB BANK BERHAD - REVENUE","","",""
400,"QMS-CR3563/17","SWK-K-BTG","PKB  Betong","Bank","2017-10-30","RM",4677.58,"Regular","QMSPFB","","Fresh","","Direct Debit","QMSRHBSEC14REV-CA","RHB BANK BERHAD - REVENUE","","",""
401,"QMS-CR3488/17","SWK-K-KCG","PKB  Kuching","Bank","2017-10-23","RM",10035.21,"Regular","QMSPFB","","Fresh","","Direct Debit","QMSRHBSEC14REV-CA","RHB BANK BERHAD - REVENUE","","",""
402,"QMS-CR3545/17","SWK-K-KCG","PKB  Kuching","Bank","2017-10-30","RM",13481.02,"Regular","QMSPFB","","Fresh","","Direct Debit","QMSRHBSEC14REV-CA","RHB BANK BERHAD - REVENUE","","",""
403,"QMS-CR3481/17","SWK-K-KCG","PKB  Kuching","Bank","2017-10-20","RM",25114.00,"Regular","QMSPFB","","Fresh","","Direct Debit","QMSRHBSEC14REV-CA","RHB BANK BERHAD - REVENUE","","",""
404,"QMS-CR3501/17","SWK-K-KCG","PKB  Kuching","Bank","2017-10-25","RM",28611.52,"Regular","QMSPFB","","Fresh","","Direct Debit","QMSRHBSEC14REV-CA","RHB BANK BERHAD - REVENUE","","",""
405,"QMS-CR3447/17","SWK-K-KPT","PKB  Kapit","Bank","2017-10-16","RM",67.26,"Regular","QMSPFB","","Fresh","","Direct Debit","QMSRHBSEC14REV-CA","RHB BANK BERHAD - REVENUE","","",""
406,"QMS-CR3448/17","SWK-K-KPT","PKB  Kapit","Bank","2017-10-16","RM",6693.93,"Regular","QMSPFB","","Fresh","","Direct Debit","QMSRHBSEC14REV-CA","RHB BANK BERHAD - REVENUE","","",""
407,"QMS-CR3462/17","SWK-K-KPT","PKB  Kapit","Bank","2017-10-16","RM",6765.23,"Regular","QMSPFB","","Fresh","","Direct Debit","QMSRHBSEC14REV-CA","RHB BANK BERHAD - REVENUE","","",""
408,"QMS-CR3690/17","SWK-K-MII","PKB  Miri","Bank","2017-10-26","RM",22568.95,"Regular","QMSPFB","","Fresh","","Direct Debit","QMSRHBSEC14REV-CA","RHB BANK BERHAD - REVENUE","","",""
409,"QMS-CR3631/17","SWK-K-MII","PKB  Miri","Bank","2017-10-19","RM",22939.94,"Regular","QMSPFB","","Fresh","","Direct Debit","QMSRHBSEC14REV-CA","RHB BANK BERHAD - REVENUE","","",""
410,"QMS-CR3478/17","SWK-K-MUH","PKB  Mukah","Bank","2017-10-19","RM",4183.37,"Regular","QMSPFB","","Fresh","","Direct Debit","QMSRHBSEC14REV-CA","RHB BANK BERHAD - REVENUE","","",""
411,"QMS-CR3479/17","SWK-K-MUH","PKB  Mukah","Bank","2017-10-19","RM",4183.37,"Regular","QMSPFB","","Fresh","","Direct Debit","QMSRHBSEC14REV-CA","RHB BANK BERHAD - REVENUE","","",""
412,"QMS-CR3480/17","SWK-K-MUH","PKB  Mukah","Bank","2017-10-19","RM",4183.37,"Regular","QMSPFB","","Fresh","","Direct Debit","QMSRHBSEC14REV-CA","RHB BANK BERHAD - REVENUE","","",""
413,"QMS-CR3661/17","SWK-K-MUH","PKB  Mukah","Bank","2017-10-19","RM",5802.68,"Regular","QMSPFB","","Fresh","","Direct Debit","QMSRHBSEC14REV-CA","RHB BANK BERHAD - REVENUE","","",""
414,"QMS-CR3668/17","SWK-K-SER","PKB Serian","Bank","2017-10-23","RM",7161.22,"Regular","QMSPFB","","Fresh","","Direct Debit","QMSRHBSEC14REV-CA","RHB BANK BERHAD - REVENUE","","",""
415,"QMS-CR3674/17","SWK-K-SER","PKB Serian","Bank","2017-10-24","RM",7161.22,"Regular","QMSPFB","","Fresh","","Direct Debit","QMSRHBSEC14REV-CA","RHB BANK BERHAD - REVENUE","","",""
416,"QMS-CR3497/17","SWK-K-SIU","PKB  Sibu","Bank","2017-10-25","RM",9085.47,"Regular","QMSPFB","","Fresh","","Direct Debit","QMSRHBSEC14REV-CA","RHB BANK BERHAD - REVENUE","","",""
417,"QMS-CR3498/17","SWK-K-SIU","PKB  Sibu","Bank","2017-10-25","RM",9085.47,"Regular","QMSPFB","","Fresh","","Direct Debit","QMSRHBSEC14REV-CA","RHB BANK BERHAD - REVENUE","","",""
418,"QMS-CR3499/17","SWK-K-SIU","PKB  Sibu","Bank","2017-10-25","RM",9085.47,"Regular","QMSPFB","","Fresh","","Direct Debit","QMSRHBSEC14REV-CA","RHB BANK BERHAD - REVENUE","","",""
419,"QMS-CR3500/17","SWK-K-SIU","PKB  Sibu","Bank","2017-10-25","RM",9132.21,"Regular","QMSPFB","","Fresh","","Direct Debit","QMSRHBSEC14REV-CA","RHB BANK BERHAD - REVENUE","","",""
420,"QMS-CR3502/17","SWK-K-SIU","PKB  Sibu","Bank","2017-10-25","RM",35123.10,"Regular","QMSPFB","","Fresh","","Direct Debit","QMSRHBSEC14REV-CA","RHB BANK BERHAD - REVENUE","","",""
421,"QMS-CR3594/17","SWK-K-SKI","PKB  Sarikei","Bank","2017-10-10","RM",2887.84,"Regular","QMSPFB","","Fresh","","Direct Debit","QMSRHBSEC14REV-CA","RHB BANK BERHAD - REVENUE","","",""
422,"QMS-CR3051/17","SWK-K-SKI","PKB  Sarikei","Bank","2017-10-13","RM",8594.62,"Regular","QMSPFB","","Fresh","","Direct Debit","QMSRHBSEC14REV-CA","RHB BANK BERHAD - REVENUE","","",""
423,"QMS-CR3058/17","SWK-K-SKI","PKB  Sarikei","Bank","2017-10-13","RM",37938.60,"Regular","QMSPFB","","Fresh","","Direct Debit","QMSRHBSEC14REV-CA","RHB BANK BERHAD - REVENUE","","",""
424,"QMS-CR3625/17","SWK-K-SMM","PKD  Samarahan","Bank","2017-10-17","RM",2777.14,"Regular","QMSPFB","","Fresh","","Direct Debit","QMSRHBSEC14REV-CA","RHB BANK BERHAD - REVENUE","","",""
425,"QMS-CR3562/17","SWK-K-SMM","PKD  Samarahan","Bank","2017-10-30","RM",2777.14,"Regular","QMSPFB","","Fresh","","Direct Debit","QMSRHBSEC14REV-CA","RHB BANK BERHAD - REVENUE","","",""
426,"QMS-CR3413/17","SWK-P-BIU","PPB  Bintulu","Bank","2017-10-12","RM",67.26,"Regular","QMSPFB","","Fresh","","Direct Debit","QMSRHBSEC14REV-CA","RHB BANK BERHAD - REVENUE","","",""
427,"QMS-CR3012/17","SWK-P-BIU","PPB  Bintulu","Bank","2017-10-13","RM",67.26,"Regular","QMSPFB","","Fresh","","Direct Debit","QMSRHBSEC14REV-CA","RHB BANK BERHAD - REVENUE","","",""
428,"QMS-CR3014/17","SWK-P-BIU","PPB  Bintulu","Bank","2017-10-13","RM",67.26,"Regular","QMSPFB","","Fresh","","Direct Debit","QMSRHBSEC14REV-CA","RHB BANK BERHAD - REVENUE","","",""
429,"QMS-CR3026/17","SWK-P-BIU","PPB  Bintulu","Bank","2017-10-13","RM",1338.80,"Regular","QMSPFB","","Fresh","","Direct Debit","QMSRHBSEC14REV-CA","RHB BANK BERHAD - REVENUE","","",""
430,"QMS-CR3600/17","SWK-P-BIU","PPB  Bintulu","Bank","2017-10-11","RM",17682.44,"Regular","QMSPFB","","Fresh","","Direct Debit","QMSRHBSEC14REV-CA","RHB BANK BERHAD - REVENUE","","",""
431,"QMS-CR3626/17","SWK-P-BIU","PPB  Bintulu","Bank","2017-10-17","RM",17682.44,"Regular","QMSPFB","","Fresh","","Direct Debit","QMSRHBSEC14REV-CA","RHB BANK BERHAD - REVENUE","","",""
432,"QMS-CR3424/17","SWK-P-BIU","PPB  Bintulu","Bank","2017-10-12","RM",18051.80,"Regular","QMSPFB","","Fresh","","Direct Debit","QMSRHBSEC14REV-CA","RHB BANK BERHAD - REVENUE","","",""
433,"QMS-CR3525/17","SWK-P-BTG","PPB  Betong","Bank","2017-10-27","RM",1356.80,"Regular","QMSPFB","","Fresh","","Direct Debit","QMSRHBSEC14REV-CA","RHB BANK BERHAD - REVENUE","","",""
434,"QMS-CR3061/17","SWK-P-BTG","PPB  Betong","Bank","2017-10-13","RM",14352.39,"Regular","QMSPFB","","Fresh","","Direct Debit","QMSRHBSEC14REV-CA","RHB BANK BERHAD - REVENUE","","",""
435,"QMS-CR3062/17","SWK-P-BTG","PPB  Betong","Bank","2017-10-13","RM",14352.39,"Regular","QMSPFB","","Fresh","","Direct Debit","QMSRHBSEC14REV-CA","RHB BANK BERHAD - REVENUE","","",""
436,"QMS-CR3077/17","SWK-P-KCG","PPB  Kuching","Bank","2017-10-02","RM",4005.07,"Regular","QMSPFB","","Fresh","","Direct Debit","QMSRHBSEC14REV-CA","RHB BANK BERHAD - REVENUE","","",""
437,"QMS-CR3621/17","SWK-P-KCG","PPB  Kuching","Bank","2017-10-16","RM",65404.54,"Regular","QMSPFB","","Fresh","","Direct Debit","QMSRHBSEC14REV-CA","RHB BANK BERHAD - REVENUE","","",""
438,"QMS-CR3076/17","SWK-P-KPT","PPB  Kapit","Bank","2017-10-02","RM",4000.00,"Regular","QMSPFB","","Fresh","","Direct Debit","QMSRHBSEC14REV-CA","RHB BANK BERHAD - REVENUE","","",""
439,"QMS-CR3662/17","SWK-P-LBG","PPB  Limbang","Bank","2017-10-19","RM",7990.95,"Regular","QMSPFB","","Fresh","","Direct Debit","QMSRHBSEC14REV-CA","RHB BANK BERHAD - REVENUE","","",""
440,"QMS-CR3663/17","SWK-P-LBG","PPB  Limbang","Bank","2017-10-19","RM",7990.95,"Regular","QMSPFB","","Fresh","","Direct Debit","QMSRHBSEC14REV-CA","RHB BANK BERHAD - REVENUE","","",""
441,"QMS-CR3492/17","SWK-P-MII","PPB  Miri","Bank","2017-10-23","RM",1940.23,"Regular","QMSPFB","","Fresh","","Direct Debit","QMSRHBSEC14REV-CA","RHB BANK BERHAD - REVENUE","","",""
442,"QMS-CR3491/17","SWK-P-MII","PPB  Miri","Bank","2017-10-24","RM",1940.23,"Regular","QMSPFB","","Fresh","","Direct Debit","QMSRHBSEC14REV-CA","RHB BANK BERHAD - REVENUE","","",""
443,"QMS-CR3703/17","SWK-P-MII","PPB  Miri","Bank","2017-10-24","RM",1940.23,"Regular","QMSPFB","","Fresh","","Direct Debit","QMSRHBSEC14REV-CA","RHB BANK BERHAD - REVENUE","","",""
444,"QMS-CR3049/17","SWK-P-MII","PPB  Miri","Bank","2017-10-13","RM",6784.00,"Regular","QMSPFB","","Fresh","","Direct Debit","QMSRHBSEC14REV-CA","RHB BANK BERHAD - REVENUE","","",""
445,"QMS-CR3366/17","SWK-P-SIU","PPB  Sibu","Bank","2017-10-03","RM",31.68,"Regular","QMSPFB","","Fresh","","Direct Debit","QMSRHBSEC14REV-CA","RHB BANK BERHAD - REVENUE","","",""
446,"QMS-CR3702/17","SWK-P-SIU","PPB  Sibu","Bank","2017-10-03","RM",31.68,"Regular","QMSPFB","","Fresh","","Direct Debit","QMSRHBSEC14REV-CA","RHB BANK BERHAD - REVENUE","","",""
447,"QMS-CR2439/17","SWK-P-SIU","PPB  Sibu","Bank","2017-10-09","RM",33397.92,"Regular","QMSPFB","","Fully Adjusted","","Direct Debit","QMSRHBSEC14REV-CA","RHB BANK BERHAD - REVENUE","","",""
448,"QMS-CR3595/17","SWK-P-SKI","PPB  Sarikei","Bank","2017-10-10","RM",13381.68,"Regular","QMSPFB","","Fresh","","Direct Debit","QMSRHBSEC14REV-CA","RHB BANK BERHAD - REVENUE","","",""
449,"QMS-CR3065/17","SWK-P-SMM","PPD  Samarahan","Bank","2017-10-13","RM",14309.58,"Regular","QMSPFB","","Fresh","","Direct Debit","QMSRHBSEC14REV-CA","RHB BANK BERHAD - REVENUE","","",""
450,"QMS-CR2858/17","WKL-K-KPG","PKD   Kepong","Bank","2017-10-24","RM",12090.56,"Regular","QMSPFB","","Fully Adjusted","","Direct Debit","QMSRHBSEC14REV-CA","RHB BANK BERHAD - REVENUE","","",""
451,"QMS-CR2874/17","WKL-K-KPG","PKD   Kepong","Bank","2017-10-27","RM",60076.44,"Regular","QMSPFB","","Fully Adjusted","","Direct Debit","QMSRHBSEC14REV-CA","RHB BANK BERHAD - REVENUE","","",""
452,"QMS-CR2875/17","WKL-K-LPT","PKD   Lembah Pantai","Bank","2017-10-27","RM",30618.18,"Regular","QMSPFB","","Fully Adjusted","","Direct Debit","QMSRHBSEC14REV-CA","RHB BANK BERHAD - REVENUE","","",""
453,"QMS-CR2859/17","WKL-K-PJA","PKD   Putrajaya","Bank","2017-10-24","RM",10169.96,"Regular","QMSPFB","","Fully Adjusted","","Direct Debit","QMSRHBSEC14REV-CA","RHB BANK BERHAD - REVENUE","","",""
454,"QMS-CR2876/17","WKL-K-PJA","PKD   Putrajaya","Bank","2017-10-27","RM",15480.86,"Regular","QMSPFB","","Fully Adjusted","","Direct Debit","QMSRHBSEC14REV-CA","RHB BANK BERHAD - REVENUE","","",""
455,"QMS-CR2860/17","WKL-K-TTW","PKD   Titiwangsa","Bank","2017-10-24","RM",7936.15,"Regular","QMSPFB","","Fully Adjusted","","Direct Debit","QMSRHBSEC14REV-CA","RHB BANK BERHAD - REVENUE","","",""
456,"QMS-CR2877/17","WKL-K-TTW","PKD   Titiwangsa","Bank","2017-10-27","RM",37561.96,"Regular","QMSPFB","","Fully Adjusted","","Direct Debit","QMSRHBSEC14REV-CA","RHB BANK BERHAD - REVENUE","","",""
457,"QMS-CR2774/17","WKL-P-CHS","PPD   Cheras","Bank","2017-10-09","RM",18529.05,"Regular","QMSPFB","","Fully Adjusted","","Direct Debit","QMSRHBSEC14REV-CA","RHB BANK BERHAD - REVENUE","","",""
458,"QMS-CR2914/17","WKL-P-CHS","PPD   Cheras","Bank","2017-10-30","RM",18529.06,"Regular","QMSPFB","","Fully Adjusted","","Direct Debit","QMSRHBSEC14REV-CA","RHB BANK BERHAD - REVENUE","","",""
459,"QMS-CR2775/17","WKL-P-KPG","PPD   Kepong","Bank","2017-10-09","RM",31501.79,"Regular","QMSPFB","","Fully Adjusted","","Direct Debit","QMSRHBSEC14REV-CA","RHB BANK BERHAD - REVENUE","","",""
460,"QMS-CR2912/17","WKL-P-KPG","PPD   Kepong","Bank","2017-10-30","RM",31501.79,"Regular","QMSPFB","","Fully Adjusted","","Direct Debit","QMSRHBSEC14REV-CA","RHB BANK BERHAD - REVENUE","","",""
461,"QMS-CR2913/17","WKL-P-LPT","PPD   Lembah Pantai","Bank","2017-10-23","RM",63090.61,"Regular","QMSPFB","","Deleted","","Direct Debit","QMSRHBSEC14REV-CA","RHB BANK BERHAD - REVENUE","","",""
462,"QMS-CR2917/17","WKL-P-LPT","PPD   Lembah Pantai","Bank","2017-10-30","RM",63090.61,"Regular","QMSPFB","","Fully Adjusted","","Direct Debit","QMSRHBSEC14REV-CA","RHB BANK BERHAD - REVENUE","","",""
463,"QMS-CR2776/17","WKL-P-LPT","PPD   Lembah Pantai","Bank","2017-10-09","RM",64582.37,"Regular","QMSPFB","","Fully Adjusted","","Direct Debit","QMSRHBSEC14REV-CA","RHB BANK BERHAD - REVENUE","","",""
464,"QMS-CR2915/17","WKL-P-PJA","PPD   Putrajaya","Bank","2017-10-30","RM",6212.13,"Regular","QMSPFB","","Fully Adjusted","","Direct Debit","QMSRHBSEC14REV-CA","RHB BANK BERHAD - REVENUE","","",""
465,"QMS-CR2777/17","WKL-P-PJA","PPD   Putrajaya","Bank","2017-10-09","RM",6594.91,"Regular","QMSPFB","","Fully Adjusted","","Direct Debit","QMSRHBSEC14REV-CA","RHB BANK BERHAD - REVENUE","","",""
466,"QMS-CR2916/17","WKL-P-TTW","PPD   Titiwangsa","Bank","2017-10-30","RM",35046.69,"Regular","QMSPFB","","Fully Adjusted","","Direct Debit","QMSRHBSEC14REV-CA","RHB BANK BERHAD - REVENUE","","",""
467,"QMS-CR2778/17","WKL-P-TTW","PPD   Titiwangsa","Bank","2017-10-09","RM",35046.70,"Regular","QMSPFB","","Fully Adjusted","","Direct Debit","QMSRHBSEC14REV-CA","RHB BANK BERHAD - REVENUE","","",""
468,"QMS-CR3574/17","WPL-K-LBN","PKD   Labuan","Bank","2017-10-31","RM",226.16,"Regular","QMSPFB","","Fresh","","Direct Debit","QMSRHBSEC14REV-CA","RHB BANK BERHAD - REVENUE","","",""
469,"QMS-CR3464/17","WPL-K-LBN","PKD   Labuan","Bank","2017-10-16","RM",537.09,"Regular","QMSPFB","","Fresh","","Direct Debit","QMSRHBSEC14REV-CA","RHB BANK BERHAD - REVENUE","","",""
470,"QMS-CR3473/17","WPL-K-LBN","PKD   Labuan","Bank","2017-10-17","RM",763.25,"Regular","QMSPFB","","Fresh","","Direct Debit","QMSRHBSEC14REV-CA","RHB BANK BERHAD - REVENUE","","",""
471,"QMS-CR3483/17","WPL-K-LBN","PKD   Labuan","Bank","2017-10-20","RM",1769.31,"Regular","QMSPFB","","Fresh","","Direct Debit","QMSRHBSEC14REV-CA","RHB BANK BERHAD - REVENUE","","",""
472,"QMS-CR3666/17","WPL-K-LBN","PKD   Labuan","Bank","2017-10-20","RM",8958.38,"Regular","QMSPFB","","Fresh","","Direct Debit","QMSRHBSEC14REV-CA","RHB BANK BERHAD - REVENUE","","",""
473,"QMS-CR3669/17","WPL-K-LBN","PKD   Labuan","Bank","2017-10-23","RM",8958.38,"Regular","QMSPFB","","Fresh","","Direct Debit","QMSRHBSEC14REV-CA","RHB BANK BERHAD - REVENUE","","",""
474,"QMS-CR3688/17","WPL-K-LBN","PKD   Labuan","Bank","2017-10-26","RM",8958.38,"Regular","QMSPFB","","Fresh","","Direct Debit","QMSRHBSEC14REV-CA","RHB BANK BERHAD - REVENUE","","",""
475,"QMS-CR3466/17","WPL-P-LBN","PPD   Labuan","Bank","2017-10-16","RM",203.37,"Regular","QMSPFB","","Fresh","","Direct Debit","QMSRHBSEC14REV-CA","RHB BANK BERHAD - REVENUE","","",""
476,"QMS-CR3428/17","WPL-P-LBN","PPD   Labuan","Bank","2017-10-16","RM",6199.00,"Regular","QMSPFB","","Fresh","","Direct Debit","QMSRHBSEC14REV-CA","RHB BANK BERHAD - REVENUE","","",""
477,"QMS-CR3627/17","WPL-P-LBN","PPD   Labuan","Bank","2017-10-17","RM",11716.70,"Regular","QMSPFB","","Fresh","","Direct Debit","QMSRHBSEC14REV-CA","RHB BANK BERHAD - REVENUE","","",""
478,"QMS-CR3671/17","WPL-P-LBN","PPD   Labuan","Bank","2017-10-23","RM",11716.70,"Regular","QMSPFB","","Fresh","","Direct Debit","QMSRHBSEC14REV-CA","RHB BANK BERHAD - REVENUE","","",""
479,"QMS-CR3699/17","WPL-P-LBN","PPD   Labuan","Bank","2017-10-27","RM",11716.70,"Regular","QMSPFB","","Fresh","","Direct Debit","QMSRHBSEC14REV-CA","RHB BANK BERHAD - REVENUE","","",""
